sample	fc_id	run_id	lane	num_reads	num_bases	num_bases_post_trimming	depth	frac_perfect_index	frac_Q30	R1	R1_file_size	R2	R2_file_size
NA12878_H5CYKCCXX	H5CYKCCXX	150521_ST-E00195_0094_BH5CYKCCXX	1	50852502	15357455604	15205256549	5.068418849666666	0.0016091047004924163	0.8806660767085229	NA12878_S6_L001_R1_001.fastq.gz	4670792771	NA12878_S6_L001_R2_001.fastq.gz	5033004380
NA12878_H5CYKCCXX	H5CYKCCXX	150521_ST-E00195_0094_BH5CYKCCXX	2	54541387	16471498874	16324263199	5.441421066333334	0.0014771901565319562	0.871082027431525	NA12878_S6_L002_R1_001.fastq.gz	5058993002	NA12878_S6_L002_R2_001.fastq.gz	5428962258
NA12878_H5CYKCCXX	H5CYKCCXX	150521_ST-E00195_0094_BH5CYKCCXX	3	55647789	16805632278	16658974018	5.552991339333333	0.0034293366085038886	0.8808332670338344	NA12878_S6_L003_R1_001.fastq.gz	5141252553	NA12878_S6_L003_R2_001.fastq.gz	5483239154
NA12878_H5CYKCCXX	H5CYKCCXX	150521_ST-E00195_0094_BH5CYKCCXX	4	55022320	16616740640	16471404433	5.490468144333334	0.0012316819792404245	0.8750013481584918	NA12878_S6_L004_R1_001.fastq.gz	5133460010	NA12878_S6_L004_R2_001.fastq.gz	5454106792
NA12878_H5CYKCCXX	H5CYKCCXX	150521_ST-E00195_0094_BH5CYKCCXX	5	54406726	16430831252	16286213933	5.428737977666667	0.0012005684738317097	0.8794009578937887	NA12878_S6_L005_R1_001.fastq.gz	5038576447	NA12878_S6_L005_R2_001.fastq.gz	5398588591
NA12878_H5CYKCCXX	H5CYKCCXX	150521_ST-E00195_0094_BH5CYKCCXX	6	55382562	16725533724	16577317636	5.525772545333333	0.0013417219665641325	0.8793489897960999	NA12878_S6_L006_R1_001.fastq.gz	5129401159	NA12878_S6_L006_R2_001.fastq.gz	5488024044
NA12878_H5CYKCCXX	H5CYKCCXX	150521_ST-E00195_0094_BH5CYKCCXX	7	56204571	16973780442	16821836623	5.607278874333334	0.0012624595960353474	0.8821280078508983	NA12878_S6_L007_R1_001.fastq.gz	5168616276	NA12878_S6_L007_R2_001.fastq.gz	5538629160
NA12878_H5CYKCCXX	H5CYKCCXX	150521_ST-E00195_0094_BH5CYKCCXX	8	53516289	16161919278	16015575572	5.338525190666667	0.002183391303533771	0.8882327555330091	NA12878_S6_L008_R1_001.fastq.gz	4882017030	NA12878_S6_L008_R2_001.fastq.gz	5234722973
NA12878_H5GGWCCXX	H5GGWCCXX	150521_ST-E00257_0073_AH5GGWCCXX	1	63184785	19081805070	18885501046	6.295167015333333	0.0007919944651232097	0.809072776048435	NA12878_S6_L001_R1_001.fastq.gz	6104533493	NA12878_S6_L001_R2_001.fastq.gz	6555377433
NA12878_H5GGWCCXX	H5GGWCCXX	150521_ST-E00257_0073_AH5GGWCCXX	2	59954665	18106308830	17932436580	5.97747886	0.0011147589599574946	0.797913353165754	NA12878_S6_L002_R1_001.fastq.gz	5953441225	NA12878_S6_L002_R2_001.fastq.gz	6331080281
NA12878_H5GGWCCXX	H5GGWCCXX	150521_ST-E00257_0073_AH5GGWCCXX	3	59628252	18007732104	17839161884	5.946387294666667	0.0010629357372407965	0.8046884421820806	NA12878_S6_L003_R1_001.fastq.gz	5888744971	NA12878_S6_L003_R2_001.fastq.gz	6291564231
NA12878_H5GGWCCXX	H5GGWCCXX	150521_ST-E00257_0073_AH5GGWCCXX	4	60793486	18359632772	18182873954	6.060957984666667	0.0007160306615744983	0.8161679497670946	NA12878_S6_L004_R1_001.fastq.gz	5946928119	NA12878_S6_L004_R2_001.fastq.gz	6367487081
NA12878_H5GGWCCXX	H5GGWCCXX	150521_ST-E00257_0073_AH5GGWCCXX	5	62811268	18969002936	18778169058	6.259389686	0.0009004753733040384	0.8041838197541412	NA12878_S6_L005_R1_001.fastq.gz	6084507650	NA12878_S6_L005_R2_001.fastq.gz	6518541701
NA12878_H5GGWCCXX	H5GGWCCXX	150521_ST-E00257_0073_AH5GGWCCXX	6	59530005	17978061510	17803419169	5.934473056333333	0.0008160590613086627	0.803538822412228	NA12878_S6_L006_R1_001.fastq.gz	5869529388	NA12878_S6_L006_R2_001.fastq.gz	6288302215
NA12878_H5GGWCCXX	H5GGWCCXX	150521_ST-E00257_0073_AH5GGWCCXX	7	62565766	18894861332	18712243856	6.237414618666667	0.0010109522194613584	0.8220544960387858	NA12878_S6_L007_R1_001.fastq.gz	6027684709	NA12878_S6_L007_R2_001.fastq.gz	6475314861
NA12878_H5GGWCCXX	H5GGWCCXX	150521_ST-E00257_0073_AH5GGWCCXX	8	58573954	17689334108	17531265357	5.843755119	0.0012381271033879667	0.8141454278647401	NA12878_S6_L008_R1_001.fastq.gz	5683840040	NA12878_S6_L008_R2_001.fastq.gz	5891296810
NA12878_H5GTGCCXX	H5GTGCCXX	150522_ST-E00124_0143_AH5GTGCCXX	1	56355508	17019363416	16863460150	5.621153383333334	0.0010220828814106334	0.8475245962748293	NA12878_S6_L001_R1_001.fastq.gz	5288591709	NA12878_S6_L001_R2_001.fastq.gz	5867383078
NA12878_H5GTGCCXX	H5GTGCCXX	150522_ST-E00124_0143_AH5GTGCCXX	2	59541375	17981495250	17813116224	5.937705408	0.00047367061980009697	0.8620987372560133	NA12878_S6_L002_R1_001.fastq.gz	5563224809	NA12878_S6_L002_R2_001.fastq.gz	6047517353
NA12878_H5GTGCCXX	H5GTGCCXX	150522_ST-E00124_0143_AH5GTGCCXX	3	59174881	17870814062	17705329042	5.901776347333334	0.0006708589747734347	0.8660997228386921	NA12878_S6_L003_R1_001.fastq.gz	5523687679	NA12878_S6_L003_R2_001.fastq.gz	6017788181
NA12878_H5GTGCCXX	H5GTGCCXX	150522_ST-E00124_0143_AH5GTGCCXX	4	60006437	18121943974	17956067050	5.985355683333333	0.0004098560292789922	0.869639695090694	NA12878_S6_L004_R1_001.fastq.gz	5542431407	NA12878_S6_L004_R2_001.fastq.gz	6080156615
NA12878_H5GTGCCXX	H5GTGCCXX	150522_ST-E00124_0143_AH5GTGCCXX	5	56354551	17019074402	16863941072	5.621313690666667	0.000527570523984833	0.8635569616096681	NA12878_S6_L005_R1_001.fastq.gz	5305446959	NA12878_S6_L005_R2_001.fastq.gz	5760607926
NA12878_H5GTGCCXX	H5GTGCCXX	150522_ST-E00124_0143_AH5GTGCCXX	6	59994157	18118235414	17951995833	5.983998611	0.0018928509988064338	0.8759142328914217	NA12878_S6_L006_R1_001.fastq.gz	5449511275	NA12878_S6_L006_R2_001.fastq.gz	5992948245
NA12878_H5GTGCCXX	H5GTGCCXX	150522_ST-E00124_0143_AH5GTGCCXX	7	59516182	17973886964	17812056794	5.937352264666667	0.0006446146024622346	0.8655549189310012	NA12878_S6_L007_R1_001.fastq.gz	5381807057	NA12878_S6_L007_R2_001.fastq.gz	5972197277
NA12878_H5GTGCCXX	H5GTGCCXX	150522_ST-E00124_0143_AH5GTGCCXX	8	54419533	16434698966	16283028229	5.427676076333333	0.0009531871580007863	0.8684044382879024	NA12878_S6_L008_R1_001.fastq.gz	4952953402	NA12878_S6_L008_R2_001.fastq.gz	5328210348
NA12878_H5GT5CCXX	H5GT5CCXX	150522_ST-E00137_0147_BH5GT5CCXX	1	57435460	17345508920	17179969744	5.726656581333334	0.0012876888249872117	0.834952430441574	NA12878_S6_L001_R1_001.fastq.gz	5611745408	NA12878_S6_L001_R2_001.fastq.gz	6068230489
NA12878_H5GT5CCXX	H5GT5CCXX	150522_ST-E00137_0147_BH5GT5CCXX	2	59780295	18053649090	17887097699	5.962365899666667	0.0008932876627657994	0.8496421034070293	NA12878_S6_L002_R1_001.fastq.gz	5801030780	NA12878_S6_L002_R2_001.fastq.gz	6242164267
NA12878_H5GT5CCXX	H5GT5CCXX	150522_ST-E00137_0147_BH5GT5CCXX	3	59284772	17904001144	17740011178	5.913337059333333	0.0008931467257730197	0.84288912498519	NA12878_S6_L003_R1_001.fastq.gz	5781560439	NA12878_S6_L003_R2_001.fastq.gz	6240760950
NA12878_H5GT5CCXX	H5GT5CCXX	150522_ST-E00137_0147_BH5GT5CCXX	4	59554887	17985575874	17823635423	5.941211807666667	0.0008322910595061661	0.8450819078288246	NA12878_S6_L004_R1_001.fastq.gz	5793214567	NA12878_S6_L004_R2_001.fastq.gz	6252293449
NA12878_H5GT5CCXX	H5GT5CCXX	150522_ST-E00137_0147_BH5GT5CCXX	5	57869361	17476547022	17316639902	5.7722133006666665	0.0008677476151844843	0.8516478264993507	NA12878_S6_L005_R1_001.fastq.gz	5588461083	NA12878_S6_L005_R2_001.fastq.gz	6057018215
NA12878_H5GT5CCXX	H5GT5CCXX	150522_ST-E00137_0147_BH5GT5CCXX	6	59558972	17986809544	17826150878	5.942050292666667	0.0008684669708536943	0.8508837488138803	NA12878_S6_L006_R1_001.fastq.gz	5754079347	NA12878_S6_L006_R2_001.fastq.gz	6222643089
NA12878_H5GT5CCXX	H5GT5CCXX	150522_ST-E00137_0147_BH5GT5CCXX	7	57957150	17503059300	17343697813	5.781232604333334	0.0012793934829438646	0.8335138388635865	NA12878_S6_L007_R1_001.fastq.gz	5658087958	NA12878_S6_L007_R2_001.fastq.gz	6124220206
NA12878_H5GT5CCXX	H5GT5CCXX	150522_ST-E00137_0147_BH5GT5CCXX	8	56054709	16928522118	16772252669	5.5907508896666664	0.0018032561724653678	0.8410282726843291	NA12878_S6_L008_R1_001.fastq.gz	5453232018	NA12878_S6_L008_R2_001.fastq.gz	5867247354
NA12878_H7CTJCCXX	H7CTJCCXX	150717_ST-E00111_0196_BH7CTJCCXX	1	59193801	17876527902	17788088223	5.929362741	0.0026529973974808614	0.8132346855998547	NA12878_S6_L001_R1_001.fastq.gz	5749358814	NA12878_S6_L001_R2_001.fastq.gz	6011351747
NA12878_H7CTJCCXX	H7CTJCCXX	150717_ST-E00111_0196_BH7CTJCCXX	2	65381053	19745078006	19656239547	6.552079849	0.0017052799684948482	0.8501763184677691	NA12878_S6_L002_R1_001.fastq.gz	6309318572	NA12878_S6_L002_R2_001.fastq.gz	6984984802
NA12878_H7CTJCCXX	H7CTJCCXX	150717_ST-E00111_0196_BH7CTJCCXX	3	64812311	19573317922	19487384283	6.495794761	0.0014200851440091375	0.8514519513458706	NA12878_S6_L003_R1_001.fastq.gz	6273870640	NA12878_S6_L003_R2_001.fastq.gz	6944677711
NA12878_H7CTJCCXX	H7CTJCCXX	150717_ST-E00111_0196_BH7CTJCCXX	4	66063825	19951275150	19863875238	6.621291746	0.0013398709505542557	0.8486356970020535	NA12878_S6_L004_R1_001.fastq.gz	6371013998	NA12878_S6_L004_R2_001.fastq.gz	7092257956
NA12878_H7CTJCCXX	H7CTJCCXX	150717_ST-E00111_0196_BH7CTJCCXX	5	61316888	18517700176	18437317937	6.145772645666667	0.0014825605630866328	0.841924831259888	NA12878_S6_L005_R1_001.fastq.gz	6015692119	NA12878_S6_L005_R2_001.fastq.gz	6621889891
NA12878_H7CTJCCXX	H7CTJCCXX	150717_ST-E00111_0196_BH7CTJCCXX	6	63178403	19079877706	18994478619	6.331492873	0.002232028562038835	0.8253407538900501	NA12878_S6_L006_R1_001.fastq.gz	6180596994	NA12878_S6_L006_R2_001.fastq.gz	6790648447
NA12878_H7CTJCCXX	H7CTJCCXX	150717_ST-E00111_0196_BH7CTJCCXX	7	61389024	18539485248	18459232573	6.153077524333334	0.0021606794074458652	0.8258403214647873	NA12878_S6_L007_R1_001.fastq.gz	6043748834	NA12878_S6_L007_R2_001.fastq.gz	6690831942
NA12878_H7CTJCCXX	H7CTJCCXX	150717_ST-E00111_0196_BH7CTJCCXX	8	57453728	17351025856	17275950691	5.758650230333333	0.0020322789149557013	0.8354450656292077	NA12878_S6_L008_R1_001.fastq.gz	5656284895	NA12878_S6_L008_R2_001.fastq.gz	6216744139
NA12878_H7KGCCCXX	H7KGCCCXX	150717_ST-E00145_0151_AH7KGCCCXX	1	64780944	19563845088	19474148910	6.49138297	0.0023894989859981047	0.7894452498232745	NA12878_S6_L001_R1_001.fastq.gz	6496193066	NA12878_S6_L001_R2_001.fastq.gz	7139509423
NA12878_H7KGCCCXX	H7KGCCCXX	150717_ST-E00145_0151_AH7KGCCCXX	2	69287135	20924714770	20828059750	6.942686583333334	0.001339642633513422	0.7977608264430359	NA12878_S6_L002_R1_001.fastq.gz	6913621987	NA12878_S6_L002_R2_001.fastq.gz	7582423599
NA12878_H7KGCCCXX	H7KGCCCXX	150717_ST-E00145_0151_AH7KGCCCXX	3	70989435	21438809370	21339950833	7.1133169443333335	0.0015508223160249127	0.779773081540302	NA12878_S6_L003_R1_001.fastq.gz	7122284133	NA12878_S6_L003_R2_001.fastq.gz	7798120057
NA12878_H7KGCCCXX	H7KGCCCXX	150717_ST-E00145_0151_AH7KGCCCXX	4	70460931	21279201162	21180969923	7.060323307666667	0.001436966536817403	0.7911150505528549	NA12878_S6_L004_R1_001.fastq.gz	7047401249	NA12878_S6_L004_R2_001.fastq.gz	7725795880
NA12878_H7KGCCCXX	H7KGCCCXX	150717_ST-E00145_0151_AH7KGCCCXX	5	65916890	19906900780	19815371861	6.605123953666666	0.002095502381862979	0.7832628984450085	NA12878_S6_L005_R1_001.fastq.gz	6668755288	NA12878_S6_L005_R2_001.fastq.gz	7265179143
NA12878_H7KGCCCXX	H7KGCCCXX	150717_ST-E00145_0151_AH7KGCCCXX	6	68320118	20632675636	20537529501	6.845843167	0.001662877689994622	0.791890946247026	NA12878_S6_L006_R1_001.fastq.gz	6818771072	NA12878_S6_L006_R2_001.fastq.gz	7495682705
NA12878_H7KGCCCXX	H7KGCCCXX	150717_ST-E00145_0151_AH7KGCCCXX	7	70511141	21294364582	21196506817	7.065502272333333	0.0024129378363058965	0.7647694206271761	NA12878_S6_L007_R1_001.fastq.gz	7015646957	NA12878_S6_L007_R2_001.fastq.gz	7776480997
NA12878_H7KGCCCXX	H7KGCCCXX	150717_ST-E00145_0151_AH7KGCCCXX	8	67903766	20506937332	20411583667	6.8038612223333335	0.0022745277485787755	0.8020849180308014	NA12878_S6_L008_R1_001.fastq.gz	6747300348	NA12878_S6_L008_R2_001.fastq.gz	7346666325
NA12878_H7KGHCCXX	H7KGHCCXX	150717_ST-E00157_0149_BH7KGHCCXX	1	54496649	16457987998	16368020010	5.45600667	0.00206449391044209	0.7851019028310268	NA12878_S6_L001_R1_001.fastq.gz	5569365728	NA12878_S6_L001_R2_001.fastq.gz	6053600092
NA12878_H7KGHCCXX	H7KGHCCXX	150717_ST-E00157_0149_BH7KGHCCXX	2	59072903	17840016706	17742451286	5.914150428666667	0.0015435334200521683	0.7881195443203415	NA12878_S6_L002_R1_001.fastq.gz	5990407773	NA12878_S6_L002_R2_001.fastq.gz	6525712369
NA12878_H7KGHCCXX	H7KGHCCXX	150717_ST-E00157_0149_BH7KGHCCXX	3	57630261	17404338822	17311903255	5.770634418333334	0.00163360356809767	0.7822904745907159	NA12878_S6_L003_R1_001.fastq.gz	5883815690	NA12878_S6_L003_R2_001.fastq.gz	6398775583
NA12878_H7KGHCCXX	H7KGHCCXX	150717_ST-E00157_0149_BH7KGHCCXX	4	59301156	17908949112	17812935617	5.937645205666667	0.0016231049526252068	0.781407828593533	NA12878_S6_L004_R1_001.fastq.gz	6057647986	NA12878_S6_L004_R2_001.fastq.gz	6586786200
NA12878_H7KGHCCXX	H7KGHCCXX	150717_ST-E00157_0149_BH7KGHCCXX	5	56384235	17028038970	16939212206	5.6464040686666666	0.0017664157365972952	0.7690096970690689	NA12878_S6_L005_R1_001.fastq.gz	5800790161	NA12878_S6_L005_R2_001.fastq.gz	6308809604
NA12878_H7KGHCCXX	H7KGHCCXX	150717_ST-E00157_0149_BH7KGHCCXX	6	58234452	17586804504	17495091971	5.831697323666667	0.001752004122920226	0.7734862311061714	NA12878_S6_L006_R1_001.fastq.gz	5988376022	NA12878_S6_L006_R2_001.fastq.gz	6498219635
NA12878_H7KGHCCXX	H7KGHCCXX	150717_ST-E00157_0149_BH7KGHCCXX	7	58559259	17684896218	17592620314	5.8642067713333335	0.001645615085395804	0.7767839805029723	NA12878_S6_L007_R1_001.fastq.gz	5978996254	NA12878_S6_L007_R2_001.fastq.gz	6522108527
NA12878_H7KGHCCXX	H7KGHCCXX	150717_ST-E00157_0149_BH7KGHCCXX	8	52628196	15893715192	15809227910	5.269742636666667	0.0026964063142122523	0.778556549461038	NA12878_S6_L008_R1_001.fastq.gz	5379474802	NA12878_S6_L008_R2_001.fastq.gz	5840457745
NA12878_H7KJGCCXX	H7KJGCCXX	150717_ST-E00182_0172_AH7KJGCCXX	1	66233030	20002375060	19892109378	6.630703126	0.00143858736343483	0.759916797200582	NA12878_S6_L001_R1_001.fastq.gz	6848071469	NA12878_S6_L001_R2_001.fastq.gz	7355731067
NA12878_H7KJGCCXX	H7KJGCCXX	150717_ST-E00182_0172_AH7KJGCCXX	2	67154404	20280630008	20171619435	6.723873145	0.0008698610444074524	0.7853804636600025	NA12878_S6_L002_R1_001.fastq.gz	6812864678	NA12878_S6_L002_R2_001.fastq.gz	7382629014
NA12878_H7KJGCCXX	H7KJGCCXX	150717_ST-E00182_0172_AH7KJGCCXX	3	68914507	20812181114	20699479364	6.899826454666667	0.0009677352839511716	0.7887491589700568	NA12878_S6_L003_R1_001.fastq.gz	6960386900	NA12878_S6_L003_R2_001.fastq.gz	7595294750
NA12878_H7KJGCCXX	H7KJGCCXX	150717_ST-E00182_0172_AH7KJGCCXX	4	70639828	21333228056	21218108007	7.072702669	0.0006494211735623139	0.7913385979226885	NA12878_S6_L004_R1_001.fastq.gz	7113061683	NA12878_S6_L004_R2_001.fastq.gz	7758128124
NA12878_H7KJGCCXX	H7KJGCCXX	150717_ST-E00182_0172_AH7KJGCCXX	5	67876941	20498836182	20388460526	6.7961535086666665	0.000824860389627753	0.786126300582385	NA12878_S6_L005_R1_001.fastq.gz	6899829589	NA12878_S6_L005_R2_001.fastq.gz	7490737038
NA12878_H7KJGCCXX	H7KJGCCXX	150717_ST-E00182_0172_AH7KJGCCXX	6	70745711	21365204722	21248064067	7.0826880223333335	0.0006593191211266504	0.7923803401971445	NA12878_S6_L006_R1_001.fastq.gz	7139848671	NA12878_S6_L006_R2_001.fastq.gz	7765725635
NA12878_H7KJGCCXX	H7KJGCCXX	150717_ST-E00182_0172_AH7KJGCCXX	7	69524160	20996296320	20881938709	6.960646236333333	0.0009727841371977742	0.7859146309190591	NA12878_S6_L007_R1_001.fastq.gz	7025996875	NA12878_S6_L007_R2_001.fastq.gz	7661986961
NA12878_H7KJGCCXX	H7KJGCCXX	150717_ST-E00182_0172_AH7KJGCCXX	8	68854174	20793960548	20677568476	6.892522825333334	0.0016130612502881815	0.7966418138940483	NA12878_S6_L008_R1_001.fastq.gz	6940060750	NA12878_S6_L008_R2_001.fastq.gz	7492431937
NA12878_H7CTMCCXX	H7CTMCCXX	150717_ST-E00311_0047_AH7CTMCCXX	1	70600957	21321489014	21194712410	7.064904136666667	0.001931475234818701	0.7983904400777325	NA12878_S6_L001_R1_001.fastq.gz	7020052561	NA12878_S6_L001_R2_001.fastq.gz	7539726790
NA12878_H7CTMCCXX	H7CTMCCXX	150717_ST-E00311_0047_AH7CTMCCXX	2	71607311	21625407922	21500833412	7.1669444706666665	0.0009461324416999823	0.800885896972168	NA12878_S6_L002_R1_001.fastq.gz	7131365743	NA12878_S6_L002_R2_001.fastq.gz	7686802876
NA12878_H7CTMCCXX	H7CTMCCXX	150717_ST-E00311_0047_AH7CTMCCXX	3	72380164	21858809528	21729844038	7.243281346	0.0009228495254583838	0.798371351634937	NA12878_S6_L003_R1_001.fastq.gz	7198102069	NA12878_S6_L003_R2_001.fastq.gz	7771485783
NA12878_H7CTMCCXX	H7CTMCCXX	150717_ST-E00311_0047_AH7CTMCCXX	4	72953853	22032063606	21907298011	7.302432670333333	0.002073420303105855	0.8031478621540069	NA12878_S6_L004_R1_001.fastq.gz	7233588415	NA12878_S6_L004_R2_001.fastq.gz	7831073275
NA12878_H7CTMCCXX	H7CTMCCXX	150717_ST-E00311_0047_AH7CTMCCXX	5	71964597	21733308294	21607963471	7.202654490333333	0.000969309951113879	0.794361748126776	NA12878_S6_L005_R1_001.fastq.gz	7180151491	NA12878_S6_L005_R2_001.fastq.gz	7738281580
NA12878_H7CTMCCXX	H7CTMCCXX	150717_ST-E00311_0047_AH7CTMCCXX	6	34179625	10322246750	10261674717	3.420558239	0.00131876812574743	0.721730900009729	NA12878_S6_L006_R1_001.fastq.gz	3596805118	NA12878_S6_L006_R2_001.fastq.gz	3899393027
NA12878_H7CTMCCXX	H7CTMCCXX	150717_ST-E00311_0047_AH7CTMCCXX	7	34741350	10491887700	10428859701	3.476286567	0.0030574229268580523	0.6666529007930575	NA12878_S6_L007_R1_001.fastq.gz	3689695738	NA12878_S6_L007_R2_001.fastq.gz	3978817622
NA12878_H7CTMCCXX	H7CTMCCXX	150717_ST-E00311_0047_AH7CTMCCXX	8	49332218	14898329836	14810187358	4.936729119333333	0.0016736324322575563	0.761219150994772	NA12878_S6_L008_R1_001.fastq.gz	5009027599	NA12878_S6_L008_R2_001.fastq.gz	5419626466
NA12878_HC32VCCXX	HC32VCCXX	150721_E00305_0033_BHC32VCCXX	1	70332398	21240384196	21128755811	7.042918603666667	0.0008087311341211486	0.7809538287976832	NA12878_S6_L001_R1_001.fastq.gz	7008731933	NA12878_S6_L001_R2_001.fastq.gz	7700220717
NA12878_HC32VCCXX	HC32VCCXX	150721_E00305_0033_BHC32VCCXX	2	71462970	21581816940	21474237354	7.158079118	0.0007727078793394678	0.769828421776985	NA12878_S6_L002_R1_001.fastq.gz	7155349763	NA12878_S6_L002_R2_001.fastq.gz	7902583096
NA12878_HC32VCCXX	HC32VCCXX	150721_E00305_0033_BHC32VCCXX	3	70531317	21300457734	21194189818	7.064729939333334	0.0036642729923786906	0.7587637504241063	NA12878_S6_L003_R1_001.fastq.gz	7112855157	NA12878_S6_L003_R2_001.fastq.gz	7863997534
NA12878_HC32VCCXX	HC32VCCXX	150721_E00305_0033_BHC32VCCXX	4	71292767	21530415634	21425028207	7.141676069	0.0007726870805842057	0.7749221879234252	NA12878_S6_L004_R1_001.fastq.gz	7110782624	NA12878_S6_L004_R2_001.fastq.gz	7909727048
NA12878_HC32VCCXX	HC32VCCXX	150721_E00305_0033_BHC32VCCXX	5	69562919	21008001538	20905883173	6.968627724333333	0.0008932920138098288	0.7481987775261938	NA12878_S6_L005_R1_001.fastq.gz	7088534937	NA12878_S6_L005_R2_001.fastq.gz	7824621085
NA12878_HC32VCCXX	HC32VCCXX	150721_E00305_0033_BHC32VCCXX	6	71012949	21445910598	21342349391	7.114116463666667	0.0008534781452323576	0.762984537692047	NA12878_S6_L006_R1_001.fastq.gz	7134375095	NA12878_S6_L006_R2_001.fastq.gz	7943817709
NA12878_HC32VCCXX	HC32VCCXX	150721_E00305_0033_BHC32VCCXX	7	72218995	21810136490	21703246101	7.234415367	0.0007726776037246157	0.7723664360708455	NA12878_S6_L007_R1_001.fastq.gz	7193317421	NA12878_S6_L007_R2_001.fastq.gz	8009358123
NA12878_HC32VCCXX	HC32VCCXX	150721_E00305_0033_BHC32VCCXX	8	69712342	21053127284	20945336670	6.98177889	0.0006236485355778177	0.7822821845340058	NA12878_S6_L008_R1_001.fastq.gz	6869267114	NA12878_S6_L008_R2_001.fastq.gz	7528794162
NA12878_H7C7GCCXX	H7C7GCCXX	150721_ST-E00105_0251_BH7C7GCCXX	1	53235675	16077173850	15989196933	5.329732311	0.003018558513628314	0.7689248778634064	NA12878_S6_L001_R1_001.fastq.gz	5550514679	NA12878_S6_L001_R2_001.fastq.gz	6062058897
NA12878_H7C7GCCXX	H7C7GCCXX	150721_ST-E00105_0251_BH7C7GCCXX	2	58944321	17801184942	17703469903	5.901156634333334	0.002034004259714859	0.7773838736628076	NA12878_S6_L002_R1_001.fastq.gz	6071209080	NA12878_S6_L002_R2_001.fastq.gz	6661895423
NA12878_H7C7GCCXX	H7C7GCCXX	150721_ST-E00105_0251_BH7C7GCCXX	3	58680044	17721373288	17626730429	5.875576809666667	0.0021151654214846874	0.773003029526839	NA12878_S6_L003_R1_001.fastq.gz	6065471213	NA12878_S6_L003_R2_001.fastq.gz	6650922840
NA12878_H7C7GCCXX	H7C7GCCXX	150721_ST-E00105_0251_BH7C7GCCXX	4	59863302	18078717204	17980166571	5.993388857	0.002141261770023979	0.7791855516653171	NA12878_S6_L004_R1_001.fastq.gz	6165811358	NA12878_S6_L004_R2_001.fastq.gz	6764430298
NA12878_H7C7GCCXX	H7C7GCCXX	150721_ST-E00105_0251_BH7C7GCCXX	5	57862238	17474395876	17382245024	5.794081674666667	0.0023299651838561792	0.76605862131036	NA12878_S6_L005_R1_001.fastq.gz	6027426180	NA12878_S6_L005_R2_001.fastq.gz	6574182851
NA12878_H7C7GCCXX	H7C7GCCXX	150721_ST-E00105_0251_BH7C7GCCXX	6	58444812	17650333224	17556071725	5.852023908333333	0.003278528811077363	0.7738932102101371	NA12878_S6_L006_R1_001.fastq.gz	6052017226	NA12878_S6_L006_R2_001.fastq.gz	6629687073
NA12878_H7C7GCCXX	H7C7GCCXX	150721_ST-E00105_0251_BH7C7GCCXX	7	59241137	17890823374	17795432237	5.931810745666667	0.0024480455194504456	0.764623720665658	NA12878_S6_L007_R1_001.fastq.gz	6164129569	NA12878_S6_L007_R2_001.fastq.gz	6731365587
NA12878_H7C7GCCXX	H7C7GCCXX	150721_ST-E00105_0251_BH7C7GCCXX	8	55690851	16818637002	16726405228	5.575468409333333	0.003709801453743273	0.7465197580818803	NA12878_S6_L008_R1_001.fastq.gz	5815917554	NA12878_S6_L008_R2_001.fastq.gz	6417894474
NA12878_HC3NTCCXX	HC3NTCCXX	150721_ST-E00145_0153_AHC3NTCCXX	1	64007821	19330361942	19223324270	6.407774756666667	0.002127193175346494	0.8149580899347653	NA12878_S6_L001_R1_001.fastq.gz	6226162790	NA12878_S6_L001_R2_001.fastq.gz	6978316531
NA12878_HC3NTCCXX	HC3NTCCXX	150721_ST-E00145_0153_AHC3NTCCXX	2	66492981	20080880262	19970949962	6.656983320666667	0.0012494401476751359	0.8104144193716323	NA12878_S6_L002_R1_001.fastq.gz	6477925640	NA12878_S6_L002_R2_001.fastq.gz	7273602556
NA12878_HC3NTCCXX	HC3NTCCXX	150721_ST-E00145_0153_AHC3NTCCXX	3	66434546	20063232892	19953213731	6.651071243666666	0.0011345452710702652	0.8058982656502575	NA12878_S6_L003_R1_001.fastq.gz	6502592079	NA12878_S6_L003_R2_001.fastq.gz	7285540950
NA12878_HC3NTCCXX	HC3NTCCXX	150721_ST-E00145_0153_AHC3NTCCXX	4	66332292	20032352184	19924937611	6.641645870333333	0.0012385219554903967	0.7950044798892899	NA12878_S6_L004_R1_001.fastq.gz	6532139527	NA12878_S6_L004_R2_001.fastq.gz	7326812269
NA12878_HC3NTCCXX	HC3NTCCXX	150721_ST-E00145_0153_AHC3NTCCXX	5	61795003	18662090906	18563403114	6.187801038	0.001846184876793355	0.7816520105102526	NA12878_S6_L005_R1_001.fastq.gz	6214709232	NA12878_S6_L005_R2_001.fastq.gz	6881813178
NA12878_HC3NTCCXX	HC3NTCCXX	150721_ST-E00145_0153_AHC3NTCCXX	6	64286251	19414447802	19309639747	6.436546582333333	0.0014718388228923164	0.79440369173988	NA12878_S6_L006_R1_001.fastq.gz	6358495396	NA12878_S6_L006_R2_001.fastq.gz	7095082175
NA12878_HC3NTCCXX	HC3NTCCXX	150721_ST-E00145_0153_AHC3NTCCXX	7	64680096	19533388992	19427013249	6.475671083	0.0014650874977056312	0.7774680479265398	NA12878_S6_L007_R1_001.fastq.gz	6425528917	NA12878_S6_L007_R2_001.fastq.gz	7150154567
NA12878_HC3NTCCXX	HC3NTCCXX	150721_ST-E00145_0153_AHC3NTCCXX	8	56723557	17130514214	17037050703	5.679016901	0.0031234113192161062	0.7743300842165834	NA12878_S6_L008_R1_001.fastq.gz	5710926983	NA12878_S6_L008_R2_001.fastq.gz	6304452302
NA12878_HC3T7CCXX	HC3T7CCXX	150721_ST-E00226_0108_BHC3T7CCXX	1	60754323	18347805546	18249819797	6.083273265666667	0.002557579318265138	0.7894532682769692	NA12878_S6_L001_R1_001.fastq.gz	5957204582	NA12878_S6_L001_R2_001.fastq.gz	6844483682
NA12878_HC3T7CCXX	HC3T7CCXX	150721_ST-E00226_0108_BHC3T7CCXX	2	62365609	18834413918	18735363558	6.245121186	0.0024973218813593243	0.7812286311143393	NA12878_S6_L002_R1_001.fastq.gz	6158473508	NA12878_S6_L002_R2_001.fastq.gz	7021310958
NA12878_HC3T7CCXX	HC3T7CCXX	150721_ST-E00226_0108_BHC3T7CCXX	3	61234828	18492918056	18397560801	6.132520267	0.0027312398101289677	0.7736036951376842	NA12878_S6_L003_R1_001.fastq.gz	6067727664	NA12878_S6_L003_R2_001.fastq.gz	6937845846
NA12878_HC3T7CCXX	HC3T7CCXX	150721_ST-E00226_0108_BHC3T7CCXX	4	62161885	18772889270	18676141679	6.225380559666666	0.002586649359169208	0.7725903574777757	NA12878_S6_L004_R1_001.fastq.gz	6167596981	NA12878_S6_L004_R2_001.fastq.gz	7030899664
NA12878_HC3T7CCXX	HC3T7CCXX	150721_ST-E00226_0108_BHC3T7CCXX	5	59101363	17848611626	17757146695	5.919048898333333	0.003198149592590614	0.7704441195285158	NA12878_S6_L005_R1_001.fastq.gz	5886567712	NA12878_S6_L005_R2_001.fastq.gz	6708871135
NA12878_HC3T7CCXX	HC3T7CCXX	150721_ST-E00226_0108_BHC3T7CCXX	6	61941573	18706355046	18610185664	6.203395221333333	0.0029311977595402688	0.778181810577402	NA12878_S6_L006_R1_001.fastq.gz	6130549423	NA12878_S6_L006_R2_001.fastq.gz	7011927229
NA12878_HC3T7CCXX	HC3T7CCXX	150721_ST-E00226_0108_BHC3T7CCXX	7	62026634	18732043468	18634106487	6.211368829	0.002922599346596818	0.7773363302767667	NA12878_S6_L007_R1_001.fastq.gz	6137344333	NA12878_S6_L007_R2_001.fastq.gz	6997441600
NA12878_HC3T7CCXX	HC3T7CCXX	150721_ST-E00226_0108_BHC3T7CCXX	8	56143208	16955248816	16865730132	5.621910044	0.004470496235270347	0.7715803229413369	NA12878_S6_L008_R1_001.fastq.gz	5589600352	NA12878_S6_L008_R2_001.fastq.gz	6350990516
NA12878_HC3HCCCXX	HC3HCCCXX	150721_ST-E00308_0037_AHC3HCCCXX	1	62706141	18937254582	18843125299	6.281041766333334	0.000869149323030419	0.8254346690706594	NA12878_S6_L001_R1_001.fastq.gz	6131977793	NA12878_S6_L001_R2_001.fastq.gz	6735909963
NA12878_HC3HCCCXX	HC3HCCCXX	150721_ST-E00308_0037_AHC3HCCCXX	2	63989452	19324814504	19226978115	6.408992705	0.001137828153302516	0.8231340679988138	NA12878_S6_L002_R1_001.fastq.gz	6226420865	NA12878_S6_L002_R2_001.fastq.gz	6877838929
NA12878_HC3HCCCXX	HC3HCCCXX	150721_ST-E00308_0037_AHC3HCCCXX	3	63855454	19284347108	19186325255	6.395441751666667	0.0007060320955513056	0.8244508366272039	NA12878_S6_L003_R1_001.fastq.gz	6237007910	NA12878_S6_L003_R2_001.fastq.gz	6861184989
NA12878_HC3HCCCXX	HC3HCCCXX	150721_ST-E00308_0037_AHC3HCCCXX	4	65206547	19692377194	19590950552	6.530316850666667	0.001455513355123681	0.830309280383978	NA12878_S6_L004_R1_001.fastq.gz	6323038180	NA12878_S6_L004_R2_001.fastq.gz	6956741914
NA12878_HC3HCCCXX	HC3HCCCXX	150721_ST-E00308_0037_AHC3HCCCXX	5	65290244	19717653688	19617542436	6.539180812	0.000668170270584377	0.8289846424753781	NA12878_S6_L005_R1_001.fastq.gz	6371287887	NA12878_S6_L005_R2_001.fastq.gz	6971322587
NA12878_HC3HCCCXX	HC3HCCCXX	150721_ST-E00308_0037_AHC3HCCCXX	6	64249333	19403298566	19304359191	6.434786397	0.0007458287543623216	0.8203212965495941	NA12878_S6_L006_R1_001.fastq.gz	6289077525	NA12878_S6_L006_R2_001.fastq.gz	6907881610
NA12878_HC3HCCCXX	HC3HCCCXX	150721_ST-E00308_0037_AHC3HCCCXX	7	62767611	18955818522	18858846665	6.286282221666666	0.002120201770942023	0.8149457255075108	NA12878_S6_L007_R1_001.fastq.gz	6172394773	NA12878_S6_L007_R2_001.fastq.gz	6784026103
NA12878_HC3HCCCXX	HC3HCCCXX	150721_ST-E00308_0037_AHC3HCCCXX	8	62819558	18971506516	18875028969	6.291676323	0.0016255606255618671	0.819256465473203	NA12878_S6_L008_R1_001.fastq.gz	6194705465	NA12878_S6_L008_R2_001.fastq.gz	6746322577
NA12878_HC3HJCCXX	HC3HJCCXX	150721_ST-E00311_0049_AHC3HJCCXX	1	65290842	19717834284	19618402610	6.539467536666667	0.0010723555992737848	0.7581234474178523	NA12878_S6_L001_R1_001.fastq.gz	6618231933	NA12878_S6_L001_R2_001.fastq.gz	7291603155
NA12878_HC3HJCCXX	HC3HJCCXX	150721_ST-E00311_0049_AHC3HJCCXX	2	66328523	20031213946	19928697111	6.642899037	0.0010037160031439265	0.7443933950881481	NA12878_S6_L002_R1_001.fastq.gz	6721901632	NA12878_S6_L002_R2_001.fastq.gz	7385743758
NA12878_HC3HJCCXX	HC3HJCCXX	150721_ST-E00311_0049_AHC3HJCCXX	3	66543474	20096129148	19993519338	6.664506446	0.0010764992522031536	0.7618914582624378	NA12878_S6_L003_R1_001.fastq.gz	6713182049	NA12878_S6_L003_R2_001.fastq.gz	7403475045
NA12878_HC3HJCCXX	HC3HJCCXX	150721_ST-E00311_0049_AHC3HJCCXX	4	66702235	20144074970	20041247634	6.680415878	0.0010554219060275867	0.7269634626960485	NA12878_S6_L004_R1_001.fastq.gz	6800316943	NA12878_S6_L004_R2_001.fastq.gz	7437979509
NA12878_HC3HJCCXX	HC3HJCCXX	150721_ST-E00311_0049_AHC3HJCCXX	5	64823947	19576831994	19476104110	6.492034703333333	0.0012978074290971515	0.7494612038095217	NA12878_S6_L005_R1_001.fastq.gz	6586444324	NA12878_S6_L005_R2_001.fastq.gz	7247115916
NA12878_HC3HJCCXX	HC3HJCCXX	150721_ST-E00311_0049_AHC3HJCCXX	6	66175975	19985144450	19882244961	6.627414987	0.0013020435286370923	0.7342496326064833	NA12878_S6_L006_R1_001.fastq.gz	6739583788	NA12878_S6_L006_R2_001.fastq.gz	7362988474
NA12878_HC3HJCCXX	HC3HJCCXX	150721_ST-E00311_0049_AHC3HJCCXX	7	66783921	20168744142	20065056970	6.6883523233333335	0.0011601445204153257	0.7337517669819821	NA12878_S6_L007_R1_001.fastq.gz	6784208815	NA12878_S6_L007_R2_001.fastq.gz	7441773122
NA12878_HC3HJCCXX	HC3HJCCXX	150721_ST-E00311_0049_AHC3HJCCXX	8	64375082	19441274764	19340174143	6.4467247143333335	0.0012328061966585145	0.7607969372661041	NA12878_S6_L008_R1_001.fastq.gz	6474381664	NA12878_S6_L008_R2_001.fastq.gz	7095631236
NA12878_HCK3WCCXX	HCK3WCCXX	150723_ST-E00124_0169_BHCK3WCCXX	1	76326942	23050736484	22871915056	7.623971685333333	0.0009634474809694328	0.8707270655725744	NA12878_S6_L001_R1_001.fastq.gz	6907763746	NA12878_S6_L001_R2_001.fastq.gz	7711754768
NA12878_HCK3WCCXX	HCK3WCCXX	150723_ST-E00124_0169_BHCK3WCCXX	2	75882406	22916486612	22728967558	7.576322519333333	0.000689711920837091	0.8464121208197357	NA12878_S6_L002_R1_001.fastq.gz	7046773031	NA12878_S6_L002_R2_001.fastq.gz	7828249434
NA12878_HCK3WCCXX	HCK3WCCXX	150723_ST-E00124_0169_BHCK3WCCXX	3	77321720	23351159440	23180042684	7.726680894666667	0.0004585645534010366	0.8776662875631498	NA12878_S6_L003_R1_001.fastq.gz	6979036182	NA12878_S6_L003_R2_001.fastq.gz	7825965548
NA12878_HCK3WCCXX	HCK3WCCXX	150723_ST-E00124_0169_BHCK3WCCXX	4	76610779	23136455258	22963075926	7.654358642	0.0004893436731664092	0.8693637687668291	NA12878_S6_L004_R1_001.fastq.gz	7004822821	NA12878_S6_L004_R2_001.fastq.gz	7841179915
NA12878_HCK3WCCXX	HCK3WCCXX	150723_ST-E00124_0169_BHCK3WCCXX	5	75182631	22705154562	22534584585	7.511528195	0.0005232192525957226	0.8717646592517391	NA12878_S6_L005_R1_001.fastq.gz	6886972695	NA12878_S6_L005_R2_001.fastq.gz	7701854609
NA12878_HCK3WCCXX	HCK3WCCXX	150723_ST-E00124_0169_BHCK3WCCXX	6	75279796	22734498392	22556238496	7.518746165333333	0.0004944487362850983	0.8720741275724206	NA12878_S6_L006_R1_001.fastq.gz	6915839406	NA12878_S6_L006_R2_001.fastq.gz	7726478716
NA12878_HCK3WCCXX	HCK3WCCXX	150723_ST-E00124_0169_BHCK3WCCXX	7	75909205	22924579910	22744637919	7.581545973	0.0005148914416901086	0.8724486353739251	NA12878_S6_L007_R1_001.fastq.gz	6919013925	NA12878_S6_L007_R2_001.fastq.gz	7765456067
NA12878_HCK3WCCXX	HCK3WCCXX	150723_ST-E00124_0169_BHCK3WCCXX	8	72600371	21925312042	21739951619	7.246650539666667	0.0016217961200225822	0.8758504498004079	NA12878_S6_L008_R1_001.fastq.gz	6608271800	NA12878_S6_L008_R2_001.fastq.gz	7315071395
NA12878_HCJWKCCXX	HCJWKCCXX	150723_ST-E00137_0171_AHCJWKCCXX	1	69954670	21126310340	21023253420	7.00775114	0.0024615940579806894	0.838403605927527	NA12878_S6_L001_R1_001.fastq.gz	6578459375	NA12878_S6_L001_R2_001.fastq.gz	7389667928
NA12878_HCJWKCCXX	HCJWKCCXX	150723_ST-E00137_0171_AHCJWKCCXX	2	73404517	22168164134	22059695853	7.353231951	0.0005639571199685164	0.8561011064011639	NA12878_S6_L002_R1_001.fastq.gz	6687031139	NA12878_S6_L002_R2_001.fastq.gz	7586246171
NA12878_HCJWKCCXX	HCJWKCCXX	150723_ST-E00137_0171_AHCJWKCCXX	3	71604387	21624524874	21520209678	7.173403226	0.0012407480005380118	0.8475966902763036	NA12878_S6_L003_R1_001.fastq.gz	6598572096	NA12878_S6_L003_R2_001.fastq.gz	7487658938
NA12878_HCJWKCCXX	HCJWKCCXX	150723_ST-E00137_0171_AHCJWKCCXX	4	72016466	21748972732	21642936557	7.2143121856666665	0.00045250762513117485	0.856249012929242	NA12878_S6_L004_R1_001.fastq.gz	6529837551	NA12878_S6_L004_R2_001.fastq.gz	7440997356
NA12878_HCJWKCCXX	HCJWKCCXX	150723_ST-E00137_0171_AHCJWKCCXX	5	72172805	21796187110	21691757063	7.230585687666666	0.0005465354990705987	0.8509063546481915	NA12878_S6_L005_R1_001.fastq.gz	6609335953	NA12878_S6_L005_R2_001.fastq.gz	7443976512
NA12878_HCJWKCCXX	HCJWKCCXX	150723_ST-E00137_0171_AHCJWKCCXX	6	73548221	22211562742	22101130135	7.367043378333333	0.0006216329828018545	0.8431458374420399	NA12878_S6_L006_R1_001.fastq.gz	6695230654	NA12878_S6_L006_R2_001.fastq.gz	7578391357
NA12878_HCJWKCCXX	HCJWKCCXX	150723_ST-E00137_0171_AHCJWKCCXX	7	73795904	22286363008	22177410227	7.392470075666667	0.0014449311441458864	0.8371651103996951	NA12878_S6_L007_R1_001.fastq.gz	6646903197	NA12878_S6_L007_R2_001.fastq.gz	7571495447
NA12878_HCJWKCCXX	HCJWKCCXX	150723_ST-E00137_0171_AHCJWKCCXX	8	73238246	22117950292	22010018749	7.336672916333334	0.0007883312770761878	0.8305141970883312	NA12878_S6_L008_R1_001.fastq.gz	6698821479	NA12878_S6_L008_R2_001.fastq.gz	7592940256
NA12878_HCK3FCCXX	HCK3FCCXX	150723_ST-E00195_0119_BHCK3FCCXX	1	65759466	19859358732	19761571400	6.587190466666667	0.001040428156761492	0.8524910945246326	NA12878_S6_L001_R1_001.fastq.gz	6196544060	NA12878_S6_L001_R2_001.fastq.gz	6907413627
NA12878_HCK3FCCXX	HCK3FCCXX	150723_ST-E00195_0119_BHCK3FCCXX	2	66692365	20141094230	20043361492	6.681120497333334	0.0009430164907182404	0.8387280704857712	NA12878_S6_L002_R1_001.fastq.gz	6335939715	NA12878_S6_L002_R2_001.fastq.gz	7053080435
NA12878_HCK3FCCXX	HCK3FCCXX	150723_ST-E00195_0119_BHCK3FCCXX	3	67190231	20291449762	20191542779	6.730514259666666	0.0008104154307789178	0.8483682426298584	NA12878_S6_L003_R1_001.fastq.gz	6346512462	NA12878_S6_L003_R2_001.fastq.gz	7060917710
NA12878_HCK3FCCXX	HCK3FCCXX	150723_ST-E00195_0119_BHCK3FCCXX	4	66999384	20233813968	20136407303	6.712135767666667	0.0008573213150735834	0.8408843128590733	NA12878_S6_L004_R1_001.fastq.gz	6369583422	NA12878_S6_L004_R2_001.fastq.gz	7060005817
NA12878_HCK3FCCXX	HCK3FCCXX	150723_ST-E00195_0119_BHCK3FCCXX	5	65880886	19896027572	19799617808	6.599872602666666	0.0009974516736159255	0.8318835160488387	NA12878_S6_L005_R1_001.fastq.gz	6301755113	NA12878_S6_L005_R2_001.fastq.gz	6966359753
NA12878_HCK3FCCXX	HCK3FCCXX	150723_ST-E00195_0119_BHCK3FCCXX	6	65531082	19790386764	19695107416	6.565035805333333	0.0010600313298657269	0.8342038952988701	NA12878_S6_L006_R1_001.fastq.gz	6284892379	NA12878_S6_L006_R2_001.fastq.gz	6919298932
NA12878_HCK3FCCXX	HCK3FCCXX	150723_ST-E00195_0119_BHCK3FCCXX	7	66198059	19991813818	19894948332	6.631649444	0.0010323112343822648	0.8473171694780536	NA12878_S6_L007_R1_001.fastq.gz	6288413285	NA12878_S6_L007_R2_001.fastq.gz	6932411240
NA12878_HCK3FCCXX	HCK3FCCXX	150723_ST-E00195_0119_BHCK3FCCXX	8	67740064	20457499328	20356702632	6.785567544	0.0007602295740376035	0.8613335182605951	NA12878_S6_L008_R1_001.fastq.gz	6348948182	NA12878_S6_L008_R2_001.fastq.gz	6966458397
NA12878_HCK3GCCXX	HCK3GCCXX	150723_ST-E00257_0096_AHCK3GCCXX	1	61163496	18471375792	18383694818	6.127898272666667	0.0013460152768245948	0.7335558200742387	NA12878_S6_L001_R1_001.fastq.gz	6444424348	NA12878_S6_L001_R2_001.fastq.gz	6789725844
NA12878_HCK3GCCXX	HCK3GCCXX	150723_ST-E00257_0096_AHCK3GCCXX	2	62076238	18747023876	18668158763	6.222719587666667	0.0013988283246159344	0.6988960249724493	NA12878_S6_L002_R1_001.fastq.gz	6653438097	NA12878_S6_L002_R2_001.fastq.gz	6898822813
NA12878_HCK3GCCXX	HCK3GCCXX	150723_ST-E00257_0096_AHCK3GCCXX	3	63278217	19110021534	19028530278	6.342843426	0.0013533409135089885	0.7102460613585199	NA12878_S6_L003_R1_001.fastq.gz	6746778329	NA12878_S6_L003_R2_001.fastq.gz	6968965428
NA12878_HCK3GCCXX	HCK3GCCXX	150723_ST-E00257_0096_AHCK3GCCXX	4	63506559	19178980818	19097893025	6.3659643416666665	0.0012279204105516094	0.7206372768269589	NA12878_S6_L004_R1_001.fastq.gz	6747850417	NA12878_S6_L004_R2_001.fastq.gz	6940185497
NA12878_HCK3GCCXX	HCK3GCCXX	150723_ST-E00257_0096_AHCK3GCCXX	5	62746671	18949494642	18870218154	6.290072718	0.0013505417681840045	0.7131476490168661	NA12878_S6_L005_R1_001.fastq.gz	6684947445	NA12878_S6_L005_R2_001.fastq.gz	6830017376
NA12878_HCK3GCCXX	HCK3GCCXX	150723_ST-E00257_0096_AHCK3GCCXX	6	64324911	19426123122	19346009014	6.448669671333334	0.0013670753465947275	0.70981115338367	NA12878_S6_L006_R1_001.fastq.gz	6759376007	NA12878_S6_L006_R2_001.fastq.gz	6897995423
NA12878_HCK3GCCXX	HCK3GCCXX	150723_ST-E00257_0096_AHCK3GCCXX	7	65915517	19906486134	19825432450	6.608477483333333	0.0012250681429078376	0.6945290654479703	NA12878_S6_L007_R1_001.fastq.gz	6933879923	NA12878_S6_L007_R2_001.fastq.gz	7022213947
NA12878_HCK3GCCXX	HCK3GCCXX	150723_ST-E00257_0096_AHCK3GCCXX	8	65118418	19665762236	19583396737	6.527798912333333	0.001314727885434809	0.7073602581004986	NA12878_S6_L008_R1_001.fastq.gz	6771341515	NA12878_S6_L008_R2_001.fastq.gz	6977244181
NA12878_HC3GFCCXX	HC3GFCCXX	150804_ST-E00225_0115_AHC3GFCCXX	1	56679037	17117069174	17026020337	5.675340112333333	0.001282625885122219	0.7932805743184876	NA12878_S6_L001_R1_001.fastq.gz	5800282491	NA12878_S6_L001_R2_001.fastq.gz	6162474345
NA12878_HC3GFCCXX	HC3GFCCXX	150804_ST-E00225_0115_AHC3GFCCXX	2	59201630	17878892260	17785157874	5.928385958	0.0008697733491459611	0.7903033804623419	NA12878_S6_L002_R1_001.fastq.gz	6043955921	NA12878_S6_L002_R2_001.fastq.gz	6464299692
NA12878_HC3GFCCXX	HC3GFCCXX	150804_ST-E00225_0115_AHC3GFCCXX	3	58094443	17544521786	17452525490	5.817508496666667	0.0009853782400495688	0.7906871496531539	NA12878_S6_L003_R1_001.fastq.gz	5900788604	NA12878_S6_L003_R2_001.fastq.gz	6358320904
NA12878_HC3GFCCXX	HC3GFCCXX	150804_ST-E00225_0115_AHC3GFCCXX	4	58480759	17661189218	17568796185	5.856265395	0.00062512868548782	0.8003341805315117	NA12878_S6_L004_R1_001.fastq.gz	5881643171	NA12878_S6_L004_R2_001.fastq.gz	6383212841
NA12878_HC3GFCCXX	HC3GFCCXX	150804_ST-E00225_0115_AHC3GFCCXX	5	55756794	16838551788	16748484973	5.582828324333334	0.002400048324155797	0.788126947856497	NA12878_S6_L005_R1_001.fastq.gz	5696395687	NA12878_S6_L005_R2_001.fastq.gz	6097864631
NA12878_HC3GFCCXX	HC3GFCCXX	150804_ST-E00225_0115_AHC3GFCCXX	6	57238670	17286078340	17195201930	5.731733976666667	0.0009086689121183284	0.7788517930551042	NA12878_S6_L006_R1_001.fastq.gz	5872075607	NA12878_S6_L006_R2_001.fastq.gz	6300735279
NA12878_HC3GFCCXX	HC3GFCCXX	150804_ST-E00225_0115_AHC3GFCCXX	7	29619965	8945229430	8897146666	2.9657155553333334	0.0010833233597676432	0.7752269351240105	NA12878_S6_L007_R1_001.fastq.gz	3055560199	NA12878_S6_L007_R2_001.fastq.gz	3256752760
NA12878_HC3GFCCXX	HC3GFCCXX	150804_ST-E00225_0115_AHC3GFCCXX	8	26862999	8112625698	8069027816	2.689675938666667	0.002175222505871366	0.7271367869781388	NA12878_S6_L008_R1_001.fastq.gz	2828548642	NA12878_S6_L008_R2_001.fastq.gz	3031410245
NA12878_HC3GVCCXX	HC3GVCCXX	150804_ST-E00309_0049_BHC3GVCCXX	1	69300285	20928686070	20822972882	6.940990960666666	0.0028957456668468246	0.7424486628557853	NA12878_S6_L001_R1_001.fastq.gz	7176787440	NA12878_S6_L001_R2_001.fastq.gz	7877339706
NA12878_HC3GVCCXX	HC3GVCCXX	150804_ST-E00309_0049_BHC3GVCCXX	2	67718787	20451073674	20350505541	6.783501847	0.0033333585848193056	0.7259091210880354	NA12878_S6_L002_R1_001.fastq.gz	7050415708	NA12878_S6_L002_R2_001.fastq.gz	7781727657
NA12878_HC3GVCCXX	HC3GVCCXX	150804_ST-E00309_0049_BHC3GVCCXX	3	70863687	21400833474	21295250976	7.098416992	0.0021669349493485994	0.745739094993156	NA12878_S6_L003_R1_001.fastq.gz	7272305574	NA12878_S6_L003_R2_001.fastq.gz	8075096579
NA12878_HC3GVCCXX	HC3GVCCXX	150804_ST-E00309_0049_BHC3GVCCXX	4	73462322	22185621244	22076749483	7.358916494333333	0.0019513404436086298	0.7508611153498875	NA12878_S6_L004_R1_001.fastq.gz	7488270409	NA12878_S6_L004_R2_001.fastq.gz	8343038596
NA12878_HC3GVCCXX	HC3GVCCXX	150804_ST-E00309_0049_BHC3GVCCXX	5	63526319	19184948338	19090583897	6.363527965666667	0.00263854419142403	0.7380370841528194	NA12878_S6_L005_R1_001.fastq.gz	6585782486	NA12878_S6_L005_R2_001.fastq.gz	7266354105
NA12878_HC3GVCCXX	HC3GVCCXX	150804_ST-E00309_0049_BHC3GVCCXX	6	68861714	20796237628	20695236162	6.898412054	0.002686979298830697	0.7298342621150203	NA12878_S6_L006_R1_001.fastq.gz	7125285503	NA12878_S6_L006_R2_001.fastq.gz	7901809888
NA12878_HC3GVCCXX	HC3GVCCXX	150804_ST-E00309_0049_BHC3GVCCXX	7	72432895	21874734290	21768096009	7.256032003	0.0021847256001572214	0.7533526271234996	NA12878_S6_L007_R1_001.fastq.gz	7407245333	NA12878_S6_L007_R2_001.fastq.gz	8219121310
NA12878_HC3GVCCXX	HC3GVCCXX	150804_ST-E00309_0049_BHC3GVCCXX	8	70036496	21151021792	21045601969	7.015200656333334	0.0024375719767590885	0.7632210025004923	NA12878_S6_L008_R1_001.fastq.gz	7174868119	NA12878_S6_L008_R2_001.fastq.gz	7865148453
NA12878_HC2WJCCXX	HC2WJCCXX	150806_ST-E00135_0180_AHC2WJCCXX	1	65798192	19871053984	19762201389	6.587400463	0.001265885846832995	0.8519465419716108	NA12878_S6_L001_R1_001.fastq.gz	6277291303	NA12878_S6_L001_R2_001.fastq.gz	6976319415
NA12878_HC2WJCCXX	HC2WJCCXX	150806_ST-E00135_0180_AHC2WJCCXX	2	65916425	19906760350	19799699818	6.5998999393333335	0.0005761234775702717	0.8438069111029409	NA12878_S6_L002_R1_001.fastq.gz	6402289499	NA12878_S6_L002_R2_001.fastq.gz	7072078868
NA12878_HC2WJCCXX	HC2WJCCXX	150806_ST-E00135_0180_AHC2WJCCXX	3	68823258	20784623916	20672713541	6.8909045136666665	0.0004523034931011258	0.8438618548444463	NA12878_S6_L003_R1_001.fastq.gz	6668490681	NA12878_S6_L003_R2_001.fastq.gz	7370410267
NA12878_HC2WJCCXX	HC2WJCCXX	150806_ST-E00135_0180_AHC2WJCCXX	4	67991585	20533458670	20421266980	6.807088993333333	0.000390107099282948	0.8464205852174636	NA12878_S6_L004_R1_001.fastq.gz	6588348855	NA12878_S6_L004_R2_001.fastq.gz	7281002044
NA12878_HC2WJCCXX	HC2WJCCXX	150806_ST-E00135_0180_AHC2WJCCXX	5	64473324	19470943848	19365610369	6.455203456333333	0.0005679248056141792	0.8387710296682686	NA12878_S6_L005_R1_001.fastq.gz	6300235036	NA12878_S6_L005_R2_001.fastq.gz	6951172880
NA12878_HC2WJCCXX	HC2WJCCXX	150806_ST-E00135_0180_AHC2WJCCXX	6	67167529	20284593758	20176441237	6.725480412333333	0.0004423566035904045	0.8407955983971153	NA12878_S6_L006_R1_001.fastq.gz	6513176210	NA12878_S6_L006_R2_001.fastq.gz	7259460647
NA12878_HC2WJCCXX	HC2WJCCXX	150806_ST-E00135_0180_AHC2WJCCXX	7	69296137	20927433374	20812926302	6.937642100666666	0.0005639996930853447	0.8409089610990536	NA12878_S6_L007_R1_001.fastq.gz	6692868209	NA12878_S6_L007_R2_001.fastq.gz	7431575422
NA12878_HC2WJCCXX	HC2WJCCXX	150806_ST-E00135_0180_AHC2WJCCXX	8	65372023	19742350946	19631728858	6.543909619333333	0.0006094962060452068	0.8545882092840799	NA12878_S6_L008_R1_001.fastq.gz	6313158776	NA12878_S6_L008_R2_001.fastq.gz	6829370504
NA12878_HC2NKCCXX	HC2NKCCXX	150806_ST-E00137_0180_BHC2NKCCXX	1	65693951	19839573202	19743023490	6.58100783	0.001948352900862973	0.8171272504675526	NA12878_S6_L001_R1_001.fastq.gz	6501880690	NA12878_S6_L001_R2_001.fastq.gz	7252758917
NA12878_HC2NKCCXX	HC2NKCCXX	150806_ST-E00137_0180_BHC2NKCCXX	2	68757229	20764683158	20663513524	6.887837841333333	0.0016861936073659979	0.8138818199828368	NA12878_S6_L002_R1_001.fastq.gz	6742628070	NA12878_S6_L002_R2_001.fastq.gz	7555475147
NA12878_HC2NKCCXX	HC2NKCCXX	150806_ST-E00137_0180_BHC2NKCCXX	3	67449479	20369742658	20270646741	6.756882247	0.0021549017450527676	0.824778612134394	NA12878_S6_L003_R1_001.fastq.gz	6621828583	NA12878_S6_L003_R2_001.fastq.gz	7383729322
NA12878_HC2NKCCXX	HC2NKCCXX	150806_ST-E00137_0180_BHC2NKCCXX	4	70115710	21174944420	21072216586	7.024072195333333	0.0009402457737360144	0.8406413369938848	NA12878_S6_L004_R1_001.fastq.gz	6779319231	NA12878_S6_L004_R2_001.fastq.gz	7587884657
NA12878_HC2NKCCXX	HC2NKCCXX	150806_ST-E00137_0180_BHC2NKCCXX	5	66187105	19988505710	19891906517	6.630635505666667	0.0010182194855025007	0.8415101220690498	NA12878_S6_L005_R1_001.fastq.gz	6434021686	NA12878_S6_L005_R2_001.fastq.gz	7114985260
NA12878_HC2NKCCXX	HC2NKCCXX	150806_ST-E00137_0180_BHC2NKCCXX	6	70723840	21358599680	21254725282	7.084908427333334	0.0007341654525546124	0.860615362682803	NA12878_S6_L006_R1_001.fastq.gz	6705346855	NA12878_S6_L006_R2_001.fastq.gz	7417012403
NA12878_HC2NKCCXX	HC2NKCCXX	150806_ST-E00137_0180_BHC2NKCCXX	7	71718644	21659030488	21550159629	7.183386543	0.0008584797002018053	0.8637509929802727	NA12878_S6_L007_R1_001.fastq.gz	6701095607	NA12878_S6_L007_R2_001.fastq.gz	7419754321
NA12878_HC2NKCCXX	HC2NKCCXX	150806_ST-E00137_0180_BHC2NKCCXX	8	71255452	21519146504	21411137825	7.137045941666667	0.0006864597532831593	0.8663262264390781	NA12878_S6_L008_R1_001.fastq.gz	6616196151	NA12878_S6_L008_R2_001.fastq.gz	7285724450
NA12878_HC2NJCCXX	HC2NJCCXX	150806_ST-E00165_0158_BHC2NJCCXX	1	60497857	18270352814	18170934236	6.056978078666667	0.001144602526995295	0.8378636231518151	NA12878_S6_L001_R1_001.fastq.gz	5925151339	NA12878_S6_L001_R2_001.fastq.gz	6577280560
NA12878_HC2NJCCXX	HC2NJCCXX	150806_ST-E00165_0158_BHC2NJCCXX	2	62758832	18953167264	18851013184	6.283671061333333	0.0013037846211032098	0.8269160746430481	NA12878_S6_L002_R1_001.fastq.gz	6167497867	NA12878_S6_L002_R2_001.fastq.gz	6881603778
NA12878_HC2NJCCXX	HC2NJCCXX	150806_ST-E00165_0158_BHC2NJCCXX	3	63895068	19296310536	19192656970	6.397552323333334	0.0011000692573016747	0.829274165190601	NA12878_S6_L003_R1_001.fastq.gz	6259248588	NA12878_S6_L003_R2_001.fastq.gz	6993423086
NA12878_HC2NJCCXX	HC2NJCCXX	150806_ST-E00165_0158_BHC2NJCCXX	4	65675530	19834010060	19727877501	6.575959167	0.0008941991027708494	0.8411571677906067	NA12878_S6_L004_R1_001.fastq.gz	6334432762	NA12878_S6_L004_R2_001.fastq.gz	7118959284
NA12878_HC2NJCCXX	HC2NJCCXX	150806_ST-E00165_0158_BHC2NJCCXX	5	59494205	17967249910	17872997607	5.957665869	0.00140622099244792	0.8278705315230961	NA12878_S6_L005_R1_001.fastq.gz	5843954163	NA12878_S6_L005_R2_001.fastq.gz	6517200587
NA12878_HC2NJCCXX	HC2NJCCXX	150806_ST-E00165_0158_BHC2NJCCXX	6	63929422	19306685444	19203804453	6.401268151	0.0017893013329605889	0.8494182257522878	NA12878_S6_L006_R1_001.fastq.gz	6127770579	NA12878_S6_L006_R2_001.fastq.gz	6807564629
NA12878_HC2NJCCXX	HC2NJCCXX	150806_ST-E00165_0158_BHC2NJCCXX	7	67211265	20297802030	20187097416	6.729032472	0.0014281236932529094	0.8580984891002998	NA12878_S6_L007_R1_001.fastq.gz	6306490150	NA12878_S6_L007_R2_001.fastq.gz	6999636522
NA12878_HC2NJCCXX	HC2NJCCXX	150806_ST-E00165_0158_BHC2NJCCXX	8	62434343	18855171586	18752365453	6.2507884843333335	0.0017672324989469338	0.866762198819483	NA12878_S6_L008_R1_001.fastq.gz	5873638540	NA12878_S6_L008_R2_001.fastq.gz	6394070547
NA12878_HC2VFCCXX	HC2VFCCXX	150806_ST-E00189_0130_AHC2VFCCXX	1	65154772	19676741144	19589551015	6.5298503383333335	0.0013760619099396126	0.7999627336053956	NA12878_S6_L001_R1_001.fastq.gz	6404215789	NA12878_S6_L001_R2_001.fastq.gz	7214010317
NA12878_HC2VFCCXX	HC2VFCCXX	150806_ST-E00189_0130_AHC2VFCCXX	2	66920903	20210112706	20119037513	6.7063458376666665	0.0007531577988420151	0.8120931172802139	NA12878_S6_L002_R1_001.fastq.gz	6573225013	NA12878_S6_L002_R2_001.fastq.gz	7309862025
NA12878_HC2VFCCXX	HC2VFCCXX	150806_ST-E00189_0130_AHC2VFCCXX	3	66302296	20023293392	19934595196	6.644865065333334	0.0008612069784129346	0.7967888905515569	NA12878_S6_L003_R1_001.fastq.gz	6591140289	NA12878_S6_L003_R2_001.fastq.gz	7344802583
NA12878_HC2VFCCXX	HC2VFCCXX	150806_ST-E00189_0130_AHC2VFCCXX	4	66294821	20021035942	19932331649	6.644110549666666	0.0007596822683931826	0.793467891922333	NA12878_S6_L004_R1_001.fastq.gz	6562624532	NA12878_S6_L004_R2_001.fastq.gz	7348984428
NA12878_HC2VFCCXX	HC2VFCCXX	150806_ST-E00189_0130_AHC2VFCCXX	5	65353153	19736652206	19649831569	6.549943856333333	0.0007301407477616267	0.7922175536055043	NA12878_S6_L005_R1_001.fastq.gz	6478332089	NA12878_S6_L005_R2_001.fastq.gz	7260638969
NA12878_HC2VFCCXX	HC2VFCCXX	150806_ST-E00189_0130_AHC2VFCCXX	6	67044050	20247303100	20157177474	6.719059158	0.0005020132286161113	0.8072890406821638	NA12878_S6_L006_R1_001.fastq.gz	6572656108	NA12878_S6_L006_R2_001.fastq.gz	7401723730
NA12878_HC2VFCCXX	HC2VFCCXX	150806_ST-E00189_0130_AHC2VFCCXX	7	66981446	20228396692	20139581480	6.713193826666667	0.0008415912669308453	0.8095456486908014	NA12878_S6_L007_R1_001.fastq.gz	6514125374	NA12878_S6_L007_R2_001.fastq.gz	7329787323
NA12878_HC2VFCCXX	HC2VFCCXX	150806_ST-E00189_0130_AHC2VFCCXX	8	64700114	19539434428	19454005900	6.484668633333333	0.0016536910584114273	0.825831975406448	NA12878_S6_L008_R1_001.fastq.gz	6297249526	NA12878_S6_L008_R2_001.fastq.gz	6890821002
NA12878_HCK2HCCXX	HCK2HCCXX	150807_ST-E00111_0208_BHCK2HCCXX	1	63360056	19134736912	19051343556	6.350447852	0.0028264495220774425	0.8821156304696623	NA12878_S6_L001_R1_001.fastq.gz	5932354856	NA12878_S6_L001_R2_001.fastq.gz	6488060486
NA12878_HCK2HCCXX	HCK2HCCXX	150807_ST-E00111_0208_BHCK2HCCXX	2	67572615	20406929730	20318876886	6.772958962	0.0013187442871642602	0.8796335471578066	NA12878_S6_L002_R1_001.fastq.gz	6339839019	NA12878_S6_L002_R2_001.fastq.gz	6945750949
NA12878_HCK2HCCXX	HCK2HCCXX	150807_ST-E00111_0208_BHCK2HCCXX	3	71758172	21670967944	21577219207	7.192406402333333	0.0012809412146117657	0.8852103513590985	NA12878_S6_L003_R1_001.fastq.gz	6604859372	NA12878_S6_L003_R2_001.fastq.gz	7293197044
NA12878_HCK2HCCXX	HCK2HCCXX	150807_ST-E00111_0208_BHCK2HCCXX	4	73491262	22194361124	22098123153	7.366041051	0.0008327928835947871	0.8906228372856857	NA12878_S6_L004_R1_001.fastq.gz	6709857138	NA12878_S6_L004_R2_001.fastq.gz	7407246205
NA12878_HCK2HCCXX	HCK2HCCXX	150807_ST-E00111_0208_BHCK2HCCXX	5	66343846	20035841492	19949793270	6.64993109	0.0009791865247004222	0.8844446050881145	NA12878_S6_L005_R1_001.fastq.gz	6170693924	NA12878_S6_L005_R2_001.fastq.gz	6778208993
NA12878_HCK2HCCXX	HCK2HCCXX	150807_ST-E00111_0208_BHCK2HCCXX	6	69016990	20843130980	20752903451	6.917634483666666	0.0009120942538931356	0.8887920877518758	NA12878_S6_L006_R1_001.fastq.gz	6342243877	NA12878_S6_L006_R2_001.fastq.gz	6982038402
NA12878_HCK2HCCXX	HCK2HCCXX	150807_ST-E00111_0208_BHCK2HCCXX	7	72013563	21748096026	21653998572	7.217999524	0.0010448309577461123	0.8896305158331841	NA12878_S6_L007_R1_001.fastq.gz	6538258078	NA12878_S6_L007_R2_001.fastq.gz	7190685048
NA12878_HCK2HCCXX	HCK2HCCXX	150807_ST-E00111_0208_BHCK2HCCXX	8	70401120	21261138240	21171008621	7.057002873666667	0.0014820644898831156	0.8942263300010413	NA12878_S6_L008_R1_001.fastq.gz	6395460310	NA12878_S6_L008_R2_001.fastq.gz	6912669266
NA12878_HCKCVCCXX	HCKCVCCXX	150807_ST-E00157_0160_AHCKCVCCXX	1	69755864	21066270928	20968596728	6.989532242666667	0.0005153831941641494	0.8588703477154863	NA12878_S5_L001_R1_001.fastq.gz	6795320542	NA12878_S5_L001_R2_001.fastq.gz	7340204839
NA12878_HCKCVCCXX	HCKCVCCXX	150807_ST-E00157_0160_AHCKCVCCXX	2	72703904	21956579008	21854076979	7.284692326333333	0.0004395499862015663	0.8613915881480839	NA12878_S5_L002_R1_001.fastq.gz	7052775289	NA12878_S5_L002_R2_001.fastq.gz	7630536643
NA12878_HCKCVCCXX	HCKCVCCXX	150807_ST-E00157_0160_AHCKCVCCXX	3	71001527	21442461154	21341652557	7.113884185666667	0.0009204027400706467	0.8572947119258659	NA12878_S5_L003_R1_001.fastq.gz	6922615974	NA12878_S5_L003_R2_001.fastq.gz	7483687297
NA12878_HCKCVCCXX	HCKCVCCXX	150807_ST-E00157_0160_AHCKCVCCXX	4	74002959	22348893618	22243542921	7.414514307	0.00043355023141709777	0.8584977980541748	NA12878_S5_L004_R1_001.fastq.gz	7157243711	NA12878_S5_L004_R2_001.fastq.gz	7784405932
NA12878_HCKCVCCXX	HCKCVCCXX	150807_ST-E00157_0160_AHCKCVCCXX	5	68741733	20760003366	20663301869	6.887767289666667	0.0017974379551938266	0.8526676299576473	NA12878_S5_L005_R1_001.fastq.gz	6743970382	NA12878_S5_L005_R2_001.fastq.gz	7264435944
NA12878_HCKCVCCXX	HCKCVCCXX	150807_ST-E00157_0160_AHCKCVCCXX	6	71195971	21501183242	21401235746	7.133745248666667	0.0005345105834710787	0.8572960068073634	NA12878_S5_L006_R1_001.fastq.gz	6918550124	NA12878_S5_L006_R2_001.fastq.gz	7461716560
NA12878_HCKCVCCXX	HCKCVCCXX	150807_ST-E00157_0160_AHCKCVCCXX	7	73877259	22310932218	22210171917	7.403390639	0.00048698341664246095	0.8644804231191807	NA12878_S5_L007_R1_001.fastq.gz	7084238141	NA12878_S5_L007_R2_001.fastq.gz	7631822169
NA12878_HCKCVCCXX	HCKCVCCXX	150807_ST-E00157_0160_AHCKCVCCXX	8	70677784	21344690768	21252375937	7.084125312333334	0.0009501288269026658	0.8630111187469792	NA12878_S5_L008_R1_001.fastq.gz	6796822578	NA12878_S5_L008_R2_001.fastq.gz	7240298331
NA12878_HCJFWCCXX	HCJFWCCXX	150807_ST-E00172_0169_AHCJFWCCXX	1	62776481	18958497262	18872392970	6.290797656666666	0.0020306171669609834	0.8397900255476483	NA12878_S6_L001_R1_001.fastq.gz	6160391787	NA12878_S6_L001_R2_001.fastq.gz	6610351151
NA12878_HCJFWCCXX	HCJFWCCXX	150807_ST-E00172_0169_AHCJFWCCXX	2	63105395	19057829290	18970339810	6.323446603333333	0.0013926067652377423	0.8234618778558699	NA12878_S6_L002_R1_001.fastq.gz	6234811320	NA12878_S6_L002_R2_001.fastq.gz	6622733964
NA12878_HCJFWCCXX	HCJFWCCXX	150807_ST-E00172_0169_AHCJFWCCXX	3	61630291	18612347882	18528052399	6.176017466333334	0.003076441745180142	0.8158033282670619	NA12878_S6_L003_R1_001.fastq.gz	6202575439	NA12878_S6_L003_R2_001.fastq.gz	6597687578
NA12878_HCJFWCCXX	HCJFWCCXX	150807_ST-E00172_0169_AHCJFWCCXX	4	63364748	19136153896	19050519012	6.350173004	0.0041118130857239425	0.8149451108490395	NA12878_S6_L004_R1_001.fastq.gz	6403664412	NA12878_S6_L004_R2_001.fastq.gz	6799076911
NA12878_HCJFWCCXX	HCJFWCCXX	150807_ST-E00172_0169_AHCJFWCCXX	5	63049301	19040888902	18955430074	6.318476691333333	0.001720256977948098	0.7942077122466475	NA12878_S6_L005_R1_001.fastq.gz	6547016879	NA12878_S6_L005_R2_001.fastq.gz	6869304891
NA12878_HCJFWCCXX	HCJFWCCXX	150807_ST-E00172_0169_AHCJFWCCXX	6	64951084	19615227368	19528210093	6.509403364333333	0.00237398655271096	0.8172700266096655	NA12878_S6_L006_R1_001.fastq.gz	6602656814	NA12878_S6_L006_R2_001.fastq.gz	6995112626
NA12878_HCJFWCCXX	HCJFWCCXX	150807_ST-E00172_0169_AHCJFWCCXX	7	63675452	19229986504	19144111002	6.381370334	0.0011449781306617187	0.8205449356252965	NA12878_S6_L007_R1_001.fastq.gz	6424963103	NA12878_S6_L007_R2_001.fastq.gz	6859097847
NA12878_HCJFWCCXX	HCJFWCCXX	150807_ST-E00172_0169_AHCJFWCCXX	8	58900931	17788081162	17708622538	5.902874179333334	0.0023251924489954157	0.8021921317451205	NA12878_S6_L008_R1_001.fastq.gz	6051531477	NA12878_S6_L008_R2_001.fastq.gz	6404841045
NA12878_HCJYNCCXX	HCJYNCCXX	150807_ST-E00182_0183_AHCJYNCCXX	1	62210308	18787513016	18704613082	6.234871027333333	0.0014782598407968018	0.8305368895665652	NA12878_S6_L001_R1_001.fastq.gz	6156384418	NA12878_S6_L001_R2_001.fastq.gz	6678796140
NA12878_HCJYNCCXX	HCJYNCCXX	150807_ST-E00182_0183_AHCJYNCCXX	2	64881730	19594282460	19508977545	6.502992515	0.0011119000680160655	0.8201294407082871	NA12878_S6_L002_R1_001.fastq.gz	6450925817	NA12878_S6_L002_R2_001.fastq.gz	7001504637
NA12878_HCJYNCCXX	HCJYNCCXX	150807_ST-E00182_0183_AHCJYNCCXX	3	65132951	19670151202	19581155674	6.5270518913333335	0.000895721736913164	0.8218410268425551	NA12878_S6_L003_R1_001.fastq.gz	6441856709	NA12878_S6_L003_R2_001.fastq.gz	7007315793
NA12878_HCJYNCCXX	HCJYNCCXX	150807_ST-E00182_0183_AHCJYNCCXX	4	68778809	20771200318	20677562177	6.8925207256666665	0.0014355729829517694	0.8306546133036047	NA12878_S6_L004_R1_001.fastq.gz	6689177404	NA12878_S6_L004_R2_001.fastq.gz	7302983828
NA12878_HCJYNCCXX	HCJYNCCXX	150807_ST-E00182_0183_AHCJYNCCXX	5	67361550	20343188100	20252133810	6.75071127	0.0009891696375751448	0.8184986364059623	NA12878_S6_L005_R1_001.fastq.gz	6649190379	NA12878_S6_L005_R2_001.fastq.gz	7158729434
NA12878_HCJYNCCXX	HCJYNCCXX	150807_ST-E00182_0183_AHCJYNCCXX	6	69523983	20996242866	20903128969	6.967709656333334	0.001003179003711568	0.8339897920192023	NA12878_S6_L006_R1_001.fastq.gz	6733525141	NA12878_S6_L006_R2_001.fastq.gz	7208022998
NA12878_HCJYNCCXX	HCJYNCCXX	150807_ST-E00182_0183_AHCJYNCCXX	7	75647666	22845595132	22744528751	7.581509583666667	0.0007440150235434891	0.8326412771955097	NA12878_S6_L007_R1_001.fastq.gz	7134856336	NA12878_S6_L007_R2_001.fastq.gz	7641627019
NA12878_HCJYNCCXX	HCJYNCCXX	150807_ST-E00182_0183_AHCJYNCCXX	8	69849197	21094457494	21001954273	7.000651424333333	0.0010599262866257432	0.8399155380525664	NA12878_S6_L008_R1_001.fastq.gz	6743897166	NA12878_S6_L008_R2_001.fastq.gz	7162213318
NA12878_HCKCTCCXX	HCKCTCCXX	150807_ST-E00305_0043_BHCKCTCCXX	1	72848556	22000263912	21894054902	7.298018300666667	0.0018479021052936176	0.8383349458339898	NA12878_S6_L001_R1_001.fastq.gz	7141298250	NA12878_S6_L001_R2_001.fastq.gz	7708008096
NA12878_HCKCTCCXX	HCKCTCCXX	150807_ST-E00305_0043_BHCKCTCCXX	2	75147478	22694538356	22587481179	7.529160393	0.0009591007165935762	0.8351185289032015	NA12878_S6_L002_R1_001.fastq.gz	7428222228	NA12878_S6_L002_R2_001.fastq.gz	8013667227
NA12878_HCKCTCCXX	HCKCTCCXX	150807_ST-E00305_0043_BHCKCTCCXX	3	76165355	23001937210	22890869233	7.630289744333333	0.0006517924061405608	0.8577034589687935	NA12878_S6_L003_R1_001.fastq.gz	7257632536	NA12878_S6_L003_R2_001.fastq.gz	7928975898
NA12878_HCKCTCCXX	HCKCTCCXX	150807_ST-E00305_0043_BHCKCTCCXX	4	74435909	22479644518	22371538025	7.4571793416666665	0.000595868319415566	0.873067482151899	NA12878_S6_L004_R1_001.fastq.gz	6956793392	NA12878_S6_L004_R2_001.fastq.gz	7536091781
NA12878_HCKCTCCXX	HCKCTCCXX	150807_ST-E00305_0043_BHCKCTCCXX	5	72401472	21865244544	21761167175	7.253722391666667	0.0005797948417402343	0.8740979716252287	NA12878_S6_L005_R1_001.fastq.gz	6753974877	NA12878_S6_L005_R2_001.fastq.gz	7234921572
NA12878_HCKCTCCXX	HCKCTCCXX	150807_ST-E00305_0043_BHCKCTCCXX	6	70537347	21302278794	21200414854	7.066804951333333	0.0012810235122679055	0.8740987302374708	NA12878_S6_L006_R1_001.fastq.gz	6554655778	NA12878_S6_L006_R2_001.fastq.gz	7004988788
NA12878_HCKCTCCXX	HCKCTCCXX	150807_ST-E00305_0043_BHCKCTCCXX	7	67951508	20521355416	20420566027	6.806855342333333	0.00130938963120583	0.8664627723925388	NA12878_S6_L007_R1_001.fastq.gz	6337099305	NA12878_S6_L007_R2_001.fastq.gz	6765442914
NA12878_HCKCTCCXX	HCKCTCCXX	150807_ST-E00305_0043_BHCKCTCCXX	8	57148395	17258815290	17172470039	5.724156679666667	0.0015028943507512328	0.8604947973227889	NA12878_S6_L008_R1_001.fastq.gz	5419252535	NA12878_S6_L008_R2_001.fastq.gz	5713747819
NA12878_HCKKFCCXX	HCKKFCCXX	150810_ST-E00137_0181_AHCKKFCCXX	1	48897992	14767193584	14662227813	4.887409271	0.9616294264189826	0.7972728977262387	NA12878_S1_L001_R1_001.fastq.gz	4884322163	NA12878_S1_L001_R2_001.fastq.gz	5232218350
NA12878_HCKKFCCXX	HCKKFCCXX	150810_ST-E00137_0181_AHCKKFCCXX	2	55895089	16880316878	16769710505	5.589903501666667	0.9640799927879173	0.8055685119704422	NA12878_S1_L002_R1_001.fastq.gz	5528913598	NA12878_S1_L002_R2_001.fastq.gz	5949047621
NA12878_HCKKFCCXX	HCKKFCCXX	150810_ST-E00137_0181_AHCKKFCCXX	3	59637725	18010592950	17898750165	5.966250055	0.965501081739788	0.8109667608139465	NA12878_S1_L003_R1_001.fastq.gz	5852358415	NA12878_S1_L003_R2_001.fastq.gz	6297597456
NA12878_HCKKFCCXX	HCKKFCCXX	150810_ST-E00137_0181_AHCKKFCCXX	4	59634840	18009721680	17893987364	5.964662454666667	0.9691044530345013	0.8142651134517699	NA12878_S1_L004_R1_001.fastq.gz	5843912316	NA12878_S1_L004_R2_001.fastq.gz	6277916787
NA12878_HCKKFCCXX	HCKKFCCXX	150810_ST-E00137_0181_AHCKKFCCXX	5	58529536	17675919872	17563619739	5.854539913	0.9657797560534224	0.8025405111431363	NA12878_S1_L005_R1_001.fastq.gz	5790405538	NA12878_S1_L005_R2_001.fastq.gz	6191547543
NA12878_HCKKFCCXX	HCKKFCCXX	150810_ST-E00137_0181_AHCKKFCCXX	6	57005968	17215802336	17108331256	5.7027770853333335	0.9614371604039773	0.7885329147055096	NA12878_S1_L006_R1_001.fastq.gz	5679250078	NA12878_S1_L006_R2_001.fastq.gz	6067686264
NA12878_HCKKFCCXX	HCKKFCCXX	150810_ST-E00137_0181_AHCKKFCCXX	7	55823278	16858629956	16752479641	5.584159880333333	0.9583883447331775	0.7774505703137102	NA12878_S1_L007_R1_001.fastq.gz	5590512186	NA12878_S1_L007_R2_001.fastq.gz	5993957582
NA12878_HCKKFCCXX	HCKKFCCXX	150810_ST-E00137_0181_AHCKKFCCXX	8	48324074	14593870348	14496248661	4.832082887	0.954856103398898	0.7696531957020782	NA12878_S1_L008_R1_001.fastq.gz	4911197741	NA12878_S1_L008_R2_001.fastq.gz	5213319628
NA12878_HCJW7CCXX	HCJW7CCXX	150810_ST-E00156_0145_BHCJW7CCXX	1	56747531	17137754362	17044430601	5.681476867	0.0018108805473845196	0.8356465255888232	NA12878_S6_L001_R1_001.fastq.gz	5515297285	NA12878_S6_L001_R2_001.fastq.gz	6117301063
NA12878_HCJW7CCXX	HCJW7CCXX	150810_ST-E00156_0145_BHCJW7CCXX	2	58384196	17632027192	17535410044	5.845136681333333	0.0013214877532954294	0.8376340800280226	NA12878_S6_L002_R1_001.fastq.gz	5661921877	NA12878_S6_L002_R2_001.fastq.gz	6293205646
NA12878_HCJW7CCXX	HCJW7CCXX	150810_ST-E00156_0145_BHCJW7CCXX	3	58517784	17672370768	17575836124	5.858612041333333	0.0014273951317090203	0.8343641195950716	NA12878_S6_L003_R1_001.fastq.gz	5703273410	NA12878_S6_L003_R2_001.fastq.gz	6329361578
NA12878_HCJW7CCXX	HCJW7CCXX	150810_ST-E00156_0145_BHCJW7CCXX	4	60527232	18279224064	18185880010	6.061960003333334	0.0013201661030856327	0.8347197616582595	NA12878_S6_L004_R1_001.fastq.gz	5912808973	NA12878_S6_L004_R2_001.fastq.gz	6570303014
NA12878_HCJW7CCXX	HCJW7CCXX	150810_ST-E00156_0145_BHCJW7CCXX	5	54801654	16550099508	16464136862	5.488045620666667	0.0016099331600465928	0.8253084376560716	NA12878_S6_L005_R1_001.fastq.gz	5420421462	NA12878_S6_L005_R2_001.fastq.gz	5982730062
NA12878_HCJW7CCXX	HCJW7CCXX	150810_ST-E00156_0145_BHCJW7CCXX	6	56655602	17109991804	17019335150	5.673111716666667	0.0014646742258603129	0.8290314393186252	NA12878_S6_L006_R1_001.fastq.gz	5558963977	NA12878_S6_L006_R2_001.fastq.gz	6168241476
NA12878_HCJW7CCXX	HCJW7CCXX	150810_ST-E00156_0145_BHCJW7CCXX	7	59675771	18022082842	17924381111	5.974793703666666	0.0013979207742452124	0.8338501434461445	NA12878_S6_L007_R1_001.fastq.gz	5793320370	NA12878_S6_L007_R2_001.fastq.gz	6459098558
NA12878_HCJW7CCXX	HCJW7CCXX	150810_ST-E00156_0145_BHCJW7CCXX	8	56182816	16967210432	16877119376	5.6257064586666665	0.0022683092282166847	0.829887563157913	NA12878_S6_L008_R1_001.fastq.gz	5516313604	NA12878_S6_L008_R2_001.fastq.gz	6102383160
NA12878_HCJVNCCXX	HCJVNCCXX	150810_ST-E00179_0138_BHCJVNCCXX	1	62956718	19012928836	18923351668	6.307783889333333	0.0018669651743917146	0.8667926891303281	NA12878_S6_L001_R1_001.fastq.gz	6074325684	NA12878_S6_L001_R2_001.fastq.gz	6542333587
NA12878_HCJVNCCXX	HCJVNCCXX	150810_ST-E00179_0138_BHCJVNCCXX	2	66554323	20099405546	20005088199	6.668362733	0.0010984410434165186	0.8626870277987275	NA12878_S6_L002_R1_001.fastq.gz	6423152871	NA12878_S6_L002_R2_001.fastq.gz	6940303245
NA12878_HCJVNCCXX	HCJVNCCXX	150810_ST-E00179_0138_BHCJVNCCXX	3	65605823	19812958546	19718811720	6.57293724	0.0011347315923466122	0.8609112707422307	NA12878_S6_L003_R1_001.fastq.gz	6357519133	NA12878_S6_L003_R2_001.fastq.gz	6816660252
NA12878_HCJVNCCXX	HCJVNCCXX	150810_ST-E00179_0138_BHCJVNCCXX	4	66766778	20163566956	20069105001	6.689701667	0.0010679712595985985	0.8545651729974596	NA12878_S6_L004_R1_001.fastq.gz	6503354648	NA12878_S6_L004_R2_001.fastq.gz	6961857264
NA12878_HCJVNCCXX	HCJVNCCXX	150810_ST-E00179_0138_BHCJVNCCXX	5	62167520	18774591040	18687813481	6.229271160333333	0.0011933723590711034	0.8627651391974075	NA12878_S6_L005_R1_001.fastq.gz	6040791900	NA12878_S6_L005_R2_001.fastq.gz	6481549622
NA12878_HCJVNCCXX	HCJVNCCXX	150810_ST-E00179_0138_BHCJVNCCXX	6	66419389	20058655478	19964533998	6.654844666	0.0010697478713632851	0.8660254038488551	NA12878_S6_L006_R1_001.fastq.gz	6389064232	NA12878_S6_L006_R2_001.fastq.gz	6865729904
NA12878_HCJVNCCXX	HCJVNCCXX	150810_ST-E00179_0138_BHCJVNCCXX	7	71409601	21565699502	21462706190	7.1542353966666665	0.000833655407204978	0.879383611611635	NA12878_S6_L007_R1_001.fastq.gz	6669635976	NA12878_S6_L007_R2_001.fastq.gz	7250171050
NA12878_HCJVNCCXX	HCJVNCCXX	150810_ST-E00179_0138_BHCJVNCCXX	8	64277877	19411918854	19318852443	6.439617481	0.0013842398684076015	0.8787091290300322	NA12878_S6_L008_R1_001.fastq.gz	6054550743	NA12878_S6_L008_R2_001.fastq.gz	6494950952
NA12878_HCJVCCCXX	HCJVCCCXX	150810_ST-E00189_0132_AHCJVCCCXX	1	59457796	17956254392	17855653832	5.951884610666666	0.0010957688374456395	0.8293305313514964	NA12878_S6_L001_R1_001.fastq.gz	5909266430	NA12878_S6_L001_R2_001.fastq.gz	6391910070
NA12878_HCJVCCCXX	HCJVCCCXX	150810_ST-E00189_0132_AHCJVCCCXX	2	63194156	19084635112	18978618621	6.326206207	0.0008860945939368191	0.8239520355887012	NA12878_S6_L002_R1_001.fastq.gz	6273503575	NA12878_S6_L002_R2_001.fastq.gz	6802629965
NA12878_HCJVCCCXX	HCJVCCCXX	150810_ST-E00189_0132_AHCJVCCCXX	3	62180135	18778400770	18672832963	6.224277654333333	0.0024242469077945875	0.8198097475688287	NA12878_S6_L003_R1_001.fastq.gz	6213774912	NA12878_S6_L003_R2_001.fastq.gz	6693170247
NA12878_HCJVCCCXX	HCJVCCCXX	150810_ST-E00189_0132_AHCJVCCCXX	4	67566246	20405006292	20289048645	6.763016215	0.0005340388453725845	0.8380384617526095	NA12878_S6_L004_R1_001.fastq.gz	6563380322	NA12878_S6_L004_R2_001.fastq.gz	7150185968
NA12878_HCJVCCCXX	HCJVCCCXX	150810_ST-E00189_0132_AHCJVCCCXX	5	62982635	19020755770	18914333820	6.30477794	0.0006870306394770559	0.8354003711073359	NA12878_S6_L005_R1_001.fastq.gz	6189617200	NA12878_S6_L005_R2_001.fastq.gz	6712018187
NA12878_HCJVCCCXX	HCJVCCCXX	150810_ST-E00189_0132_AHCJVCCCXX	6	66004271	19933289842	19822505241	6.607501747	0.0005256326518627862	0.8390478417546506	NA12878_S6_L006_R1_001.fastq.gz	6413605525	NA12878_S6_L006_R2_001.fastq.gz	6967335737
NA12878_HCJVCCCXX	HCJVCCCXX	150810_ST-E00189_0132_AHCJVCCCXX	7	62800869	18965862438	18860802773	6.286934257666666	0.0006663283592461117	0.8455611113085307	NA12878_S6_L007_R1_001.fastq.gz	6093772732	NA12878_S6_L007_R2_001.fastq.gz	6626555307
NA12878_HCJVCCCXX	HCJVCCCXX	150810_ST-E00189_0132_AHCJVCCCXX	8	69022360	20844752720	20722044321	6.907348107	0.0010667702466273248	0.8694514442769556	NA12878_S6_L008_R1_001.fastq.gz	6484781166	NA12878_S6_L008_R2_001.fastq.gz	7042754892
NA12878_HCJLWCCXX	HCJLWCCXX	150810_ST-E00308_0046_BHCJLWCCXX	1	1246	376292	373057	0.00012435233333333334	0.7054574638844302	0.7849861277943725	NA12878_S6_L001_R1_001.fastq.gz	127191	NA12878_S6_L001_R2_001.fastq.gz	139488
NA12878_HCJLWCCXX	HCJLWCCXX	150810_ST-E00308_0046_BHCJLWCCXX	2	1418	428236	425086	0.00014169533333333333	0.7066290550070522	0.780153933812197	NA12878_S6_L002_R1_001.fastq.gz	140165	NA12878_S6_L002_R2_001.fastq.gz	152954
NA12878_HCJLWCCXX	HCJLWCCXX	150810_ST-E00308_0046_BHCJLWCCXX	3	1544	466288	462961	0.00015432033333333332	0.6729274611398963	0.7589601276464331	NA12878_S6_L003_R1_001.fastq.gz	155999	NA12878_S6_L003_R2_001.fastq.gz	172058
NA12878_HCJLWCCXX	HCJLWCCXX	150810_ST-E00308_0046_BHCJLWCCXX	4	1548	467496	465240	0.00015508	0.661498708010336	0.7670311617639509	NA12878_S6_L004_R1_001.fastq.gz	154673	NA12878_S6_L004_R2_001.fastq.gz	170580
NA12878_HCJLWCCXX	HCJLWCCXX	150810_ST-E00308_0046_BHCJLWCCXX	5	1729	522158	519247	0.00017308233333333334	0.6390977443609023	0.7581230202352545	NA12878_S6_L005_R1_001.fastq.gz	173626	NA12878_S6_L005_R2_001.fastq.gz	191773
NA12878_HCJLWCCXX	HCJLWCCXX	150810_ST-E00308_0046_BHCJLWCCXX	6	1677	506454	502764	0.000167588	0.6976744186046512	0.7574113344943469	NA12878_S6_L006_R1_001.fastq.gz	167009	NA12878_S6_L006_R2_001.fastq.gz	184779
NA12878_HCJLWCCXX	HCJLWCCXX	150810_ST-E00308_0046_BHCJLWCCXX	7	1620	489240	485939	0.00016197966666666667	0.6518518518518519	0.7474286648679584	NA12878_S6_L007_R1_001.fastq.gz	163672	NA12878_S6_L007_R2_001.fastq.gz	181080
NA12878_HCJLWCCXX	HCJLWCCXX	150810_ST-E00308_0046_BHCJLWCCXX	8	17294	5222788	5185844	0.0017286146666666666	0.957210593269342	0.8166674580702874	NA12878_S6_L008_R1_001.fastq.gz	1500383	NA12878_S6_L008_R2_001.fastq.gz	1682575
NA12878_HC55GCCXX	HC55GCCXX	150811_ST-E00111_0210_BHC55GCCXX	1	59631103	18008593106	17919895888	5.973298629333334	0.0023295728740754637	0.8633268873080395	NA12878_S6_L001_R1_001.fastq.gz	5727137855	NA12878_S6_L001_R2_001.fastq.gz	6198418531
NA12878_HC55GCCXX	HC55GCCXX	150811_ST-E00111_0210_BHC55GCCXX	2	61868772	18684369144	18593471671	6.197823890333333	0.0014496651073016287	0.869946305477468	NA12878_S6_L002_R1_001.fastq.gz	5955963179	NA12878_S6_L002_R2_001.fastq.gz	6374984374
NA12878_HC55GCCXX	HC55GCCXX	150811_ST-E00111_0210_BHC55GCCXX	3	64528689	19487664078	19390491570	6.46349719	0.0010227233967204882	0.8775565804372749	NA12878_S6_L003_R1_001.fastq.gz	6113000735	NA12878_S6_L003_R2_001.fastq.gz	6615440918
NA12878_HC55GCCXX	HC55GCCXX	150811_ST-E00111_0210_BHC55GCCXX	4	73895713	22316505326	22204455982	7.401485327333333	0.0007816420960712566	0.8879850790935616	NA12878_S6_L004_R1_001.fastq.gz	6819494505	NA12878_S6_L004_R2_001.fastq.gz	7446829914
NA12878_HC55GCCXX	HC55GCCXX	150811_ST-E00111_0210_BHC55GCCXX	5	64503269	19479987238	19385479719	6.461826573	0.0032891511281389475	0.8857854137778979	NA12878_S6_L005_R1_001.fastq.gz	6097417896	NA12878_S6_L005_R2_001.fastq.gz	6560065192
NA12878_HC55GCCXX	HC55GCCXX	150811_ST-E00111_0210_BHC55GCCXX	6	68770496	20768689792	20666675239	6.888891746333333	0.004155502964527114	0.8855073172735267	NA12878_S6_L006_R1_001.fastq.gz	6398190232	NA12878_S6_L006_R2_001.fastq.gz	6980528520
NA12878_HC55GCCXX	HC55GCCXX	150811_ST-E00111_0210_BHC55GCCXX	7	70315202	21235191004	21130932478	7.043644159333334	0.0015607578002833583	0.8768900396748228	NA12878_S6_L007_R1_001.fastq.gz	6550752737	NA12878_S6_L007_R2_001.fastq.gz	7137971303
NA12878_HC55GCCXX	HC55GCCXX	150811_ST-E00111_0210_BHC55GCCXX	8	61620765	18609471030	18518075572	6.172691857333334	0.001556033911620539	0.8773636242362338	NA12878_S6_L008_R1_001.fastq.gz	5797824040	NA12878_S6_L008_R2_001.fastq.gz	6259181132
NA12878_HC2MWCCXX	HC2MWCCXX	150811_ST-E00145_0167_AHC2MWCCXX	1	61402556	18543571912	18451808404	6.150602801333333	0.0017830039518224616	0.848127271845748	NA12878_S6_L001_R1_001.fastq.gz	5883634210	NA12878_S6_L001_R2_001.fastq.gz	6507109811
NA12878_HC2MWCCXX	HC2MWCCXX	150811_ST-E00145_0167_AHC2MWCCXX	2	63488369	19173487438	19079722198	6.359907399333333	0.001015288327851043	0.8503716259612677	NA12878_S6_L002_R1_001.fastq.gz	6092266570	NA12878_S6_L002_R2_001.fastq.gz	6681384183
NA12878_HC2MWCCXX	HC2MWCCXX	150811_ST-E00145_0167_AHC2MWCCXX	3	63162406	19075046612	18981721517	6.3272405056666665	0.001076225626997173	0.8514891590242369	NA12878_S6_L003_R1_001.fastq.gz	6055967039	NA12878_S6_L003_R2_001.fastq.gz	6671683261
NA12878_HC2MWCCXX	HC2MWCCXX	150811_ST-E00145_0167_AHC2MWCCXX	4	62186103	18780203106	18687619500	6.2292065	0.0010389137907548252	0.8522675220102596	NA12878_S6_L004_R1_001.fastq.gz	5969343924	NA12878_S6_L004_R2_001.fastq.gz	6561625512
NA12878_HC2MWCCXX	HC2MWCCXX	150811_ST-E00145_0167_AHC2MWCCXX	5	60508427	18273544954	18182749342	6.060916447333334	0.0011378580375259136	0.8487707529132117	NA12878_S6_L005_R1_001.fastq.gz	5854522607	NA12878_S6_L005_R2_001.fastq.gz	6400476180
NA12878_HC2MWCCXX	HC2MWCCXX	150811_ST-E00145_0167_AHC2MWCCXX	6	61750847	18648755794	18556714313	6.185571437666667	0.0010413622342702441	0.84202398119515	NA12878_S6_L006_R1_001.fastq.gz	5945552705	NA12878_S6_L006_R2_001.fastq.gz	6562377220
NA12878_HC2MWCCXX	HC2MWCCXX	150811_ST-E00145_0167_AHC2MWCCXX	7	63232593	19096243086	19003994429	6.334664809666666	0.0017476904671614526	0.820487095730721	NA12878_S6_L007_R1_001.fastq.gz	6109430304	NA12878_S6_L007_R2_001.fastq.gz	6778179899
NA12878_HC2MWCCXX	HC2MWCCXX	150811_ST-E00145_0167_AHC2MWCCXX	8	57017412	17219258424	17134304052	5.711434684	0.0010348242393043024	0.8505387421090719	NA12878_S6_L008_R1_001.fastq.gz	5528478048	NA12878_S6_L008_R2_001.fastq.gz	5979459484
NA12878_HC2LVCCXX	HC2LVCCXX	150811_ST-E00225_0120_BHC2LVCCXX	1	59963190	18108883380	18008293185	6.002764395	0.001315490386685565	0.8591697342412286	NA12878_S6_L001_R1_001.fastq.gz	5663682436	NA12878_S6_L001_R2_001.fastq.gz	6211146891
NA12878_HC2LVCCXX	HC2LVCCXX	150811_ST-E00225_0120_BHC2LVCCXX	2	63941988	19310480376	19205149877	6.401716625666666	0.004064043176136469	0.8521577559744079	NA12878_S6_L002_R1_001.fastq.gz	5950106709	NA12878_S6_L002_R2_001.fastq.gz	6607059107
NA12878_HC2LVCCXX	HC2LVCCXX	150811_ST-E00225_0120_BHC2LVCCXX	3	65288784	19717212768	19610078736	6.536692912	0.0006273665626855602	0.8754738632234655	NA12878_S6_L003_R1_001.fastq.gz	6012591113	NA12878_S6_L003_R2_001.fastq.gz	6496810464
NA12878_HC2LVCCXX	HC2LVCCXX	150811_ST-E00225_0120_BHC2LVCCXX	4	65135063	19670789026	19566731579	6.522243859666666	0.00314053584319094	0.8708533060040354	NA12878_S6_L004_R1_001.fastq.gz	6031639721	NA12878_S6_L004_R2_001.fastq.gz	6545633783
NA12878_HC2LVCCXX	HC2LVCCXX	150811_ST-E00225_0120_BHC2LVCCXX	5	62905238	18997381876	18892601505	6.297533835	0.0006562410589719095	0.8709631161282868	NA12878_S6_L005_R1_001.fastq.gz	5837044939	NA12878_S6_L005_R2_001.fastq.gz	6304368318
NA12878_HC2LVCCXX	HC2LVCCXX	150811_ST-E00225_0120_BHC2LVCCXX	6	65306310	19722505620	19620579113	6.540193037666667	0.0006694912023049534	0.8687529958984999	NA12878_S6_L006_R1_001.fastq.gz	6054558980	NA12878_S6_L006_R2_001.fastq.gz	6541477757
NA12878_HC2LVCCXX	HC2LVCCXX	150811_ST-E00225_0120_BHC2LVCCXX	7	66322111	20029277522	19923823057	6.641274352333333	0.0005987143563629933	0.8782655075140957	NA12878_S6_L007_R1_001.fastq.gz	6086604060	NA12878_S6_L007_R2_001.fastq.gz	6556301759
NA12878_HC2LVCCXX	HC2LVCCXX	150811_ST-E00225_0120_BHC2LVCCXX	8	60824327	18368946754	18268711354	6.0895704513333335	0.0011840657110764252	0.8696848671261601	NA12878_S6_L008_R1_001.fastq.gz	5706219366	NA12878_S6_L008_R2_001.fastq.gz	6100622371
NA12878_HC2MVCCXX	HC2MVCCXX	150811_ST-E00305_0044_AHC2MVCCXX	1	61742596	18646263992	18544658161	6.181552720333333	0.0007880135133935736	0.8583440275149355	NA12878_S6_L001_R1_001.fastq.gz	5905095070	NA12878_S6_L001_R2_001.fastq.gz	6450429180
NA12878_HC2MVCCXX	HC2MVCCXX	150811_ST-E00305_0044_AHC2MVCCXX	2	68636206	20728134212	20616848464	6.872282821333333	0.0005626330802725313	0.8587728728471241	NA12878_S6_L002_R1_001.fastq.gz	6492216799	NA12878_S6_L002_R2_001.fastq.gz	7100929437
NA12878_HC2MVCCXX	HC2MVCCXX	150811_ST-E00305_0044_AHC2MVCCXX	3	71269708	21523451816	21408605238	7.136201746	0.0005139350367480109	0.8567766147199295	NA12878_S6_L003_R1_001.fastq.gz	6731364054	NA12878_S6_L003_R2_001.fastq.gz	7366612311
NA12878_HC2MVCCXX	HC2MVCCXX	150811_ST-E00305_0044_AHC2MVCCXX	4	67573946	20407331692	20299589105	6.766529701666666	0.000684997735665755	0.8491998200231928	NA12878_S6_L004_R1_001.fastq.gz	6495326083	NA12878_S6_L004_R2_001.fastq.gz	7035424684
NA12878_HC2MVCCXX	HC2MVCCXX	150811_ST-E00305_0044_AHC2MVCCXX	5	64554476	19495451752	19394193091	6.464731030333334	0.0019262180983391454	0.8413096445593974	NA12878_S6_L005_R1_001.fastq.gz	6253614260	NA12878_S6_L005_R2_001.fastq.gz	6783549466
NA12878_HC2MVCCXX	HC2MVCCXX	150811_ST-E00305_0044_AHC2MVCCXX	6	68132602	20576045804	20468042271	6.822680757	0.0005403433733530388	0.8571549472139773	NA12878_S6_L006_R1_001.fastq.gz	6498363795	NA12878_S6_L006_R2_001.fastq.gz	7076020769
NA12878_HC2MVCCXX	HC2MVCCXX	150811_ST-E00305_0044_AHC2MVCCXX	7	70190032	21197389664	21084433170	7.02814439	0.0006504342382975406	0.8608351075882736	NA12878_S6_L007_R1_001.fastq.gz	6585026986	NA12878_S6_L007_R2_001.fastq.gz	7253343259
NA12878_HC2MVCCXX	HC2MVCCXX	150811_ST-E00305_0044_AHC2MVCCXX	8	67753893	20461675686	20350475226	6.783491742	0.0005541821781369817	0.8731415008803008	NA12878_S6_L008_R1_001.fastq.gz	6259023543	NA12878_S6_L008_R2_001.fastq.gz	6869938638
NA12878_HC5FHCCXX	HC5FHCCXX	150811_ST-E00311_0059_AHC5FHCCXX	1	56814885	17158095270	17057646938	5.685882312666667	0.0014392531112225255	0.8544893840072494	NA12878_S6_L001_R1_001.fastq.gz	5436069436	NA12878_S6_L001_R2_001.fastq.gz	5941343489
NA12878_HC5FHCCXX	HC5FHCCXX	150811_ST-E00311_0059_AHC5FHCCXX	2	57048789	17228734278	17129581110	5.70986037	0.0008272743528350794	0.8422022279679854	NA12878_S6_L002_R1_001.fastq.gz	5555868235	NA12878_S6_L002_R2_001.fastq.gz	6021794394
NA12878_HC5FHCCXX	HC5FHCCXX	150811_ST-E00311_0059_AHC5FHCCXX	3	55903134	16882746468	16785783471	5.595261157	0.0009176050845378364	0.8251446850430781	NA12878_S6_L003_R1_001.fastq.gz	5523489375	NA12878_S6_L003_R2_001.fastq.gz	6002569078
NA12878_HC5FHCCXX	HC5FHCCXX	150811_ST-E00311_0059_AHC5FHCCXX	4	54350344	16413803888	16321285642	5.440428547333333	0.0008714940240304643	0.8274895547478713	NA12878_S6_L004_R1_001.fastq.gz	5389463608	NA12878_S6_L004_R2_001.fastq.gz	5834780290
NA12878_HC5FHCCXX	HC5FHCCXX	150811_ST-E00311_0059_AHC5FHCCXX	5	59955462	18106549524	18000684941	6.000228313666667	0.0007484722576235006	0.8374130652503442	NA12878_S6_L005_R1_001.fastq.gz	5820749839	NA12878_S6_L005_R2_001.fastq.gz	6338003075
NA12878_HC5FHCCXX	HC5FHCCXX	150811_ST-E00311_0059_AHC5FHCCXX	6	56448101	17047326502	16949988486	5.649996162	0.0009663566893065189	0.825823270607761	NA12878_S6_L006_R1_001.fastq.gz	5579044239	NA12878_S6_L006_R2_001.fastq.gz	6048396507
NA12878_HC5FHCCXX	HC5FHCCXX	150811_ST-E00311_0059_AHC5FHCCXX	7	57653831	17411456962	17311458883	5.770486294333334	0.0008500389158874802	0.8323849323827769	NA12878_S6_L007_R1_001.fastq.gz	5636595614	NA12878_S6_L007_R2_001.fastq.gz	6125342729
NA12878_HC5FHCCXX	HC5FHCCXX	150811_ST-E00311_0059_AHC5FHCCXX	8	52156666	15751313132	15661731482	5.220577160666667	0.0010757589451749082	0.8266109519814224	NA12878_S6_L008_R1_001.fastq.gz	5158015371	NA12878_S6_L008_R2_001.fastq.gz	5555794296
NA12878_HC33CCCXX	HC33CCCXX	150813_ST-E00156_0146_AHC33CCCXX	1	65706880	19843477760	19759419141	6.586473047	0.0011265791344833296	0.8697814677823894	NA12878_S6_L001_R1_001.fastq.gz	6148465245	NA12878_S6_L001_R2_001.fastq.gz	6653942065
NA12878_HC33CCCXX	HC33CCCXX	150813_ST-E00156_0146_AHC33CCCXX	2	66817796	20178974392	20092868525	6.697622841666667	0.0007007264950792451	0.8601845292930981	NA12878_S6_L002_R1_001.fastq.gz	6317807320	NA12878_S6_L002_R2_001.fastq.gz	6824663084
NA12878_HC33CCCXX	HC33CCCXX	150813_ST-E00156_0146_AHC33CCCXX	3	67203588	20295483576	20209392145	6.736464048333334	0.0006557536779137447	0.8587093926458114	NA12878_S6_L003_R1_001.fastq.gz	6349215009	NA12878_S6_L003_R2_001.fastq.gz	6840117539
NA12878_HC33CCCXX	HC33CCCXX	150813_ST-E00156_0146_AHC33CCCXX	4	69874127	21101986354	21013851008	7.0046170026666665	0.00049114030433611	0.856563651296919	NA12878_S6_L004_R1_001.fastq.gz	6616669445	NA12878_S6_L004_R2_001.fastq.gz	6989012166
NA12878_HC33CCCXX	HC33CCCXX	150813_ST-E00156_0146_AHC33CCCXX	5	67932483	20515609866	20430195500	6.810065166666667	0.000709027520751744	0.8619560559253228	NA12878_S6_L005_R1_001.fastq.gz	6404201896	NA12878_S6_L005_R2_001.fastq.gz	6768411087
NA12878_HC33CCCXX	HC33CCCXX	150813_ST-E00156_0146_AHC33CCCXX	6	71468468	21583477336	21494224834	7.1647416113333335	0.0006343496827160195	0.8511884056030775	NA12878_S6_L006_R1_001.fastq.gz	6758777230	NA12878_S6_L006_R2_001.fastq.gz	7147185871
NA12878_HC33CCCXX	HC33CCCXX	150813_ST-E00156_0146_AHC33CCCXX	7	69422911	20965719122	20879222329	6.959740776333334	0.0009183279566021079	0.8429229919166328	NA12878_S6_L007_R1_001.fastq.gz	6536415866	NA12878_S6_L007_R2_001.fastq.gz	6993246803
NA12878_HC33CCCXX	HC33CCCXX	150813_ST-E00156_0146_AHC33CCCXX	8	66666579	20133306858	20046705232	6.682235077333333	0.001723367266227955	0.8346265846697204	NA12878_S6_L008_R1_001.fastq.gz	6393345261	NA12878_S6_L008_R2_001.fastq.gz	6699151923
NA12878_HC323CCXX	HC323CCXX	150813_ST-E00257_0107_BHC323CCXX	1	55494763	16759418426	16672777051	5.5575923503333335	0.0028036159015581343	0.8357452896020916	NA12878_S6_L001_R1_001.fastq.gz	5465984505	NA12878_S6_L001_R2_001.fastq.gz	5960776854
NA12878_HC323CCXX	HC323CCXX	150813_ST-E00257_0107_BHC323CCXX	2	55999481	16911843262	16824969357	5.608323119	0.002311878569017452	0.8190226261807227	NA12878_S6_L002_R1_001.fastq.gz	5598295360	NA12878_S6_L002_R2_001.fastq.gz	6059612589
NA12878_HC323CCXX	HC323CCXX	150813_ST-E00257_0107_BHC323CCXX	3	58454558	17653276516	17562147788	5.854049262666667	0.004092443911730545	0.8241186664591189	NA12878_S6_L003_R1_001.fastq.gz	5785498518	NA12878_S6_L003_R2_001.fastq.gz	6289547885
NA12878_HC323CCXX	HC323CCXX	150813_ST-E00257_0107_BHC323CCXX	4	60342560	18223453120	18131664016	6.043888005333334	0.0016705290594233987	0.8332098817394713	NA12878_S6_L004_R1_001.fastq.gz	5894804469	NA12878_S6_L004_R2_001.fastq.gz	6412150698
NA12878_HC323CCXX	HC323CCXX	150813_ST-E00257_0107_BHC323CCXX	5	58560589	17685297878	17593092278	5.8643640926666665	0.0016107590721124749	0.8350624172053881	NA12878_S6_L005_R1_001.fastq.gz	5723273269	NA12878_S6_L005_R2_001.fastq.gz	6190786854
NA12878_HC323CCXX	HC323CCXX	150813_ST-E00257_0107_BHC323CCXX	6	61576701	18596163702	18501236091	6.167078697	0.0016522483073589799	0.8413797511535802	NA12878_S6_L006_R1_001.fastq.gz	5943361549	NA12878_S6_L006_R2_001.fastq.gz	6478386258
NA12878_HC323CCXX	HC323CCXX	150813_ST-E00257_0107_BHC323CCXX	7	61242206	18495146212	18400169418	6.133389806	0.0022491678369652456	0.8425593057431083	NA12878_S6_L007_R1_001.fastq.gz	5909237402	NA12878_S6_L007_R2_001.fastq.gz	6396265527
NA12878_HC323CCXX	HC323CCXX	150813_ST-E00257_0107_BHC323CCXX	8	66272405	20014266310	19909606110	6.63653537	0.001498859140542734	0.8492509719183405	NA12878_S6_L008_R1_001.fastq.gz	6302680157	NA12878_S6_L008_R2_001.fastq.gz	6774447135
NA12878_HCLGMCCXX	HCLGMCCXX	150820_ST-E00189_0137_AHCLGMCCXX	1	64569674	19500041548	19410855575	6.470285191666667	0.9666124843684358	0.8249834736711096	NA12878_S1_L001_R1_001.fastq.gz	5981882574	NA12878_S1_L001_R2_001.fastq.gz	6900392433
NA12878_HCLGMCCXX	HCLGMCCXX	150820_ST-E00189_0137_AHCLGMCCXX	2	65605792	19812949184	19722983714	6.574327904666666	0.9663337651651245	0.825445223379825	NA12878_S1_L002_R1_001.fastq.gz	6140919885	NA12878_S1_L002_R2_001.fastq.gz	6948971624
NA12878_HCLGMCCXX	HCLGMCCXX	150820_ST-E00189_0137_AHCLGMCCXX	3	65325422	19728277444	19638093447	6.546031149	0.9643851975422371	0.8191653653428821	NA12878_S1_L003_R1_001.fastq.gz	6165082466	NA12878_S1_L003_R2_001.fastq.gz	6930262333
NA12878_HCLGMCCXX	HCLGMCCXX	150820_ST-E00189_0137_AHCLGMCCXX	4	67346437	20338623974	20245696257	6.748565419	0.9677586655400938	0.82407710563045	NA12878_S1_L004_R1_001.fastq.gz	6294533285	NA12878_S1_L004_R2_001.fastq.gz	7151334801
NA12878_HCLGMCCXX	HCLGMCCXX	150820_ST-E00189_0137_AHCLGMCCXX	5	64109990	19361216980	19273536717	6.424512239	0.9652628708879849	0.8203332332573239	NA12878_S1_L005_R1_001.fastq.gz	6041522281	NA12878_S1_L005_R2_001.fastq.gz	6793436676
NA12878_HCLGMCCXX	HCLGMCCXX	150820_ST-E00189_0137_AHCLGMCCXX	6	66722680	20150249360	20058156403	6.686052134333333	0.9584255608437791	0.8289482407179501	NA12878_S1_L006_R1_001.fastq.gz	6192901967	NA12878_S1_L006_R2_001.fastq.gz	7050374207
NA12878_HCLGMCCXX	HCLGMCCXX	150820_ST-E00189_0137_AHCLGMCCXX	7	66545589	20096767878	20004505261	6.668168420333333	0.9634931174777039	0.8326424527855613	NA12878_S1_L007_R1_001.fastq.gz	6133539358	NA12878_S1_L007_R2_001.fastq.gz	7019411917
NA12878_HCLGMCCXX	HCLGMCCXX	150820_ST-E00189_0137_AHCLGMCCXX	8	64540973	19491373846	19400896880	6.466965626666667	0.9587102134329459	0.8426012663735556	NA12878_S1_L008_R1_001.fastq.gz	5939898112	NA12878_S1_L008_R2_001.fastq.gz	6720605222
NA12878_HCLY3CCXX	HCLY3CCXX	150825_ST-E00257_0112_BHCLY3CCXX	1	62525157	18882597414	18795866722	6.265288907333334	0.9553312277168692	0.8173455741082083	NA12878_S6_L001_R1_001.fastq.gz	5800985374	NA12878_S6_L001_R2_001.fastq.gz	6849162923
NA12878_HCLY3CCXX	HCLY3CCXX	150825_ST-E00257_0112_BHCLY3CCXX	2	64310850	19421876700	19331344319	6.443781439666667	0.9603220451914413	0.8194856573772812	NA12878_S6_L002_R1_001.fastq.gz	5968308517	NA12878_S6_L002_R2_001.fastq.gz	7000032400
NA12878_HCLY3CCXX	HCLY3CCXX	150825_ST-E00257_0112_BHCLY3CCXX	3	66284177	20017821454	19924239933	6.641413311	0.9584068306377252	0.8223158767214769	NA12878_S6_L003_R1_001.fastq.gz	6124200005	NA12878_S6_L003_R2_001.fastq.gz	7178013761
NA12878_HCLY3CCXX	HCLY3CCXX	150825_ST-E00257_0112_BHCLY3CCXX	4	67677569	20438625838	20344113588	6.781371196	0.961934433549172	0.8249597788346186	NA12878_S6_L004_R1_001.fastq.gz	6213806187	NA12878_S6_L004_R2_001.fastq.gz	7308285897
NA12878_HCLY3CCXX	HCLY3CCXX	150825_ST-E00257_0112_BHCLY3CCXX	5	58558135	17684556770	17605064411	5.868354803666667	0.9542563812867333	0.8035998963292084	NA12878_S6_L005_R1_001.fastq.gz	5582992528	NA12878_S6_L005_R2_001.fastq.gz	6454808983
NA12878_HCLY3CCXX	HCLY3CCXX	150825_ST-E00257_0112_BHCLY3CCXX	6	63600091	19207227482	19120079650	6.373359883333333	0.95084093511753	0.8148190304231437	NA12878_S6_L006_R1_001.fastq.gz	5925676002	NA12878_S6_L006_R2_001.fastq.gz	6945015976
NA12878_HCLY3CCXX	HCLY3CCXX	150825_ST-E00257_0112_BHCLY3CCXX	7	65695637	19840082374	19750571340	6.58352378	0.9554581379582331	0.8134459158370024	NA12878_S6_L007_R1_001.fastq.gz	6050581232	NA12878_S6_L007_R2_001.fastq.gz	7145094159
NA12878_HCLY3CCXX	HCLY3CCXX	150825_ST-E00257_0112_BHCLY3CCXX	8	66718622	20149023844	20059841014	6.686613671333333	0.9476248924925338	0.8330642945265254	NA12878_S6_L008_R1_001.fastq.gz	6113330422	NA12878_S6_L008_R2_001.fastq.gz	7137151664
NA12878_HC5CKCCXX	HC5CKCCXX	150813_ST-E00189_0135_BHC5CKCCXX	1	64638733	19520897366	19431731146	6.4772437153333335	0.001105544565670865	0.8609945149997977	NA12878_S6_L001_R1_001.fastq.gz	6239876997	NA12878_S6_L001_R2_001.fastq.gz	6734506240
NA12878_HC5CKCCXX	HC5CKCCXX	150813_ST-E00189_0135_BHC5CKCCXX	2	41341723	12485200346	12429669345	4.143223115	0.0008193417579620472	0.8610379222664337	NA12878_S6_L002_R1_001.fastq.gz	4001523127	NA12878_S6_L002_R2_001.fastq.gz	4292087474
NA12878_HC5CKCCXX	HC5CKCCXX	150813_ST-E00189_0135_BHC5CKCCXX	3	68592719	20715001138	20618166243	6.872722081	0.0008604411788953869	0.8572990676994284	NA12878_S6_L003_R1_001.fastq.gz	6556443258	NA12878_S6_L003_R2_001.fastq.gz	7114209981
NA12878_HC5CKCCXX	HC5CKCCXX	150813_ST-E00189_0135_BHC5CKCCXX	4	70758571	21369088442	21267962557	7.0893208523333335	0.0006241505357704298	0.8657893267752521	NA12878_S6_L004_R1_001.fastq.gz	6690020764	NA12878_S6_L004_R2_001.fastq.gz	7287478860
NA12878_HC5CKCCXX	HC5CKCCXX	150813_ST-E00189_0135_BHC5CKCCXX	5	65749406	19856320612	19766599753	6.588866584333333	0.004748605637593137	0.8560807616959524	NA12878_S6_L005_R1_001.fastq.gz	6327311834	NA12878_S6_L005_R2_001.fastq.gz	6875361199
NA12878_HC5CKCCXX	HC5CKCCXX	150813_ST-E00189_0135_BHC5CKCCXX	6	68205387	20598026874	20502508783	6.834169594333333	0.00233650166078524	0.8561210981940774	NA12878_S6_L006_R1_001.fastq.gz	6540028463	NA12878_S6_L006_R2_001.fastq.gz	7085030727
NA12878_HC5CKCCXX	HC5CKCCXX	150813_ST-E00189_0135_BHC5CKCCXX	7	68104510	20567562020	20472571333	6.824190444333333	0.00078110832894914	0.8615739524095525	NA12878_S6_L007_R1_001.fastq.gz	6485409154	NA12878_S6_L007_R2_001.fastq.gz	7045421694
NA12878_HC5CKCCXX	HC5CKCCXX	150813_ST-E00189_0135_BHC5CKCCXX	8	64905991	19601609282	19511143987	6.5037146623333335	0.0014626692935017355	0.8715338063945397	NA12878_S6_L008_R1_001.fastq.gz	6151373391	NA12878_S6_L008_R2_001.fastq.gz	6692994157
